Episodes,Reward,
1,45.0,
2,13.0,
3,24.0,
4,45.0,
5,19.0,
6,20.0,
7,32.0,
8,13.0,
9,17.0,
10,11.0,
11,11.0,
12,22.0,
13,19.0,
14,11.0,
15,14.0,
16,15.0,
17,10.0,
18,21.0,
19,21.0,
20,21.0,
21,12.0,
22,18.0,
23,15.0,
24,15.0,
25,35.0,
26,11.0,
27,19.0,
28,23.0,
29,39.0,
30,14.0,
31,19.0,
32,27.0,
33,46.0,
34,15.0,
35,26.0,
36,15.0,
37,14.0,
38,51.0,
39,11.0,
40,12.0,
41,36.0,
42,29.0,
43,8.0,
44,30.0,
45,11.0,
46,11.0,
47,28.0,
48,24.0,
49,63.0,
50,13.0,
51,13.0,
52,14.0,
53,37.0,
54,16.0,
55,29.0,
56,11.0,
57,16.0,
58,48.0,
59,37.0,
60,37.0,
61,21.0,
62,19.0,
63,20.0,
64,22.0,
65,18.0,
66,10.0,
67,21.0,
68,25.0,
69,27.0,
70,35.0,
71,20.0,
72,20.0,
73,18.0,
74,12.0,
75,22.0,
76,17.0,
77,20.0,
78,25.0,
79,61.0,
80,12.0,
81,11.0,
82,22.0,
83,49.0,
84,14.0,
85,37.0,
86,38.0,
87,25.0,
88,15.0,
89,18.0,
90,12.0,
91,13.0,
92,14.0,
93,13.0,
94,17.0,
95,16.0,
96,11.0,
97,11.0,
98,33.0,
99,29.0,
100,26.0,
101,19.0,
102,24.0,
103,11.0,
104,19.0,
105,23.0,
106,21.0,
107,25.0,
108,27.0,
109,12.0,
110,33.0,
111,17.0,
112,18.0,
113,16.0,
114,21.0,
115,18.0,
116,24.0,
117,28.0,
118,18.0,
119,82.0,
120,29.0,
121,21.0,
122,76.0,
123,37.0,
124,22.0,
125,21.0,
126,22.0,
127,17.0,
128,33.0,
129,35.0,
130,33.0,
131,40.0,
132,22.0,
133,20.0,
134,15.0,
135,15.0,
136,42.0,
137,15.0,
138,9.0,
139,33.0,
140,12.0,
141,22.0,
142,25.0,
143,15.0,
144,21.0,
145,12.0,
146,20.0,
147,18.0,
148,22.0,
149,13.0,
150,27.0,
151,19.0,
152,59.0,
153,16.0,
154,29.0,
155,52.0,
156,29.0,
157,34.0,
158,22.0,
159,44.0,
160,14.0,
161,34.0,
162,40.0,
163,42.0,
164,22.0,
165,20.0,
166,21.0,
167,22.0,
168,25.0,
169,26.0,
170,23.0,
171,17.0,
172,20.0,
173,23.0,
174,15.0,
175,17.0,
176,15.0,
177,14.0,
178,12.0,
179,21.0,
180,19.0,
181,41.0,
182,16.0,
183,16.0,
184,11.0,
185,21.0,
186,19.0,
187,28.0,
188,14.0,
189,40.0,
190,60.0,
191,13.0,
192,17.0,
193,57.0,
194,54.0,
195,20.0,
196,13.0,
197,13.0,
198,52.0,
199,24.0,
200,26.0,
201,32.0,
202,23.0,
203,25.0,
204,16.0,
205,31.0,
206,18.0,
207,21.0,
208,13.0,
209,14.0,
210,36.0,
211,20.0,
212,15.0,
213,54.0,
214,33.0,
215,31.0,
216,34.0,
217,15.0,
218,14.0,
219,9.0,
220,12.0,
221,14.0,
222,23.0,
223,20.0,
224,16.0,
225,27.0,
226,16.0,
227,15.0,
228,25.0,
229,18.0,
230,19.0,
231,13.0,
232,15.0,
233,21.0,
234,12.0,
235,14.0,
236,19.0,
237,17.0,
238,56.0,
239,33.0,
240,24.0,
241,22.0,
242,15.0,
243,16.0,
244,10.0,
245,30.0,
246,25.0,
247,28.0,
248,32.0,
249,20.0,
250,90.0,
251,27.0,
252,11.0,
253,13.0,
254,31.0,
255,20.0,
256,13.0,
257,25.0,
258,22.0,
259,13.0,
260,39.0,
261,38.0,
262,24.0,
263,52.0,
264,59.0,
265,50.0,
266,36.0,
267,18.0,
268,23.0,
269,12.0,
270,13.0,
271,16.0,
272,57.0,
273,16.0,
274,13.0,
275,38.0,
276,24.0,
277,17.0,
278,29.0,
279,19.0,
280,12.0,
281,34.0,
282,29.0,
283,19.0,
284,22.0,
285,32.0,
286,44.0,
287,32.0,
288,81.0,
289,47.0,
290,12.0,
291,23.0,
292,18.0,
293,19.0,
294,19.0,
295,9.0,
296,13.0,
297,11.0,
298,37.0,
299,28.0,
300,19.0,
301,14.0,
302,27.0,
303,12.0,
304,34.0,
305,14.0,
306,19.0,
307,11.0,
308,21.0,
309,27.0,
310,20.0,
311,24.0,
312,42.0,
313,17.0,
314,13.0,
315,19.0,
316,22.0,
317,91.0,
318,37.0,
319,31.0,
320,15.0,
321,16.0,
322,19.0,
323,48.0,
324,54.0,
325,12.0,
326,17.0,
327,17.0,
328,16.0,
329,29.0,
330,64.0,
331,38.0,
332,24.0,
333,12.0,
334,29.0,
335,38.0,
336,16.0,
337,39.0,
338,32.0,
339,16.0,
340,34.0,
341,34.0,
342,21.0,
343,9.0,
344,38.0,
345,32.0,
346,23.0,
347,10.0,
348,14.0,
349,55.0,
350,18.0,
351,31.0,
352,19.0,
353,26.0,
354,16.0,
355,33.0,
356,30.0,
357,36.0,
358,21.0,
359,22.0,
360,18.0,
361,15.0,
362,16.0,
363,41.0,
364,8.0,
365,19.0,
366,16.0,
367,25.0,
368,10.0,
369,16.0,
370,12.0,
371,28.0,
372,14.0,
373,12.0,
374,30.0,
375,22.0,
376,29.0,
377,24.0,
378,34.0,
379,14.0,
380,69.0,
381,35.0,
382,39.0,
383,12.0,
384,42.0,
385,17.0,
386,11.0,
387,25.0,
388,61.0,
389,22.0,
390,37.0,
391,56.0,
392,51.0,
393,21.0,
394,18.0,
395,38.0,
396,24.0,
397,74.0,
398,28.0,
399,23.0,
400,34.0,
401,30.0,
402,36.0,
403,78.0,
404,20.0,
405,21.0,
406,15.0,
407,29.0,
408,17.0,
409,26.0,
410,27.0,
411,15.0,
412,14.0,
413,27.0,
414,18.0,
415,25.0,
416,17.0,
417,16.0,
418,47.0,
419,19.0,
420,58.0,
421,36.0,
422,15.0,
423,49.0,
424,12.0,
425,16.0,
426,16.0,
427,17.0,
428,17.0,
429,49.0,
430,32.0,
431,19.0,
432,13.0,
433,23.0,
434,48.0,
435,23.0,
436,42.0,
437,18.0,
438,33.0,
439,31.0,
440,17.0,
441,37.0,
442,89.0,
443,37.0,
444,10.0,
445,25.0,
446,24.0,
447,24.0,
448,55.0,
449,14.0,
450,11.0,
451,11.0,
452,39.0,
453,67.0,
454,54.0,
455,94.0,
456,23.0,
457,22.0,
458,15.0,
459,14.0,
460,19.0,
461,55.0,
462,30.0,
463,43.0,
464,18.0,
465,14.0,
466,44.0,
467,27.0,
468,30.0,
469,61.0,
470,21.0,
471,23.0,
472,36.0,
473,38.0,
474,14.0,
475,22.0,
476,65.0,
477,63.0,
478,31.0,
479,48.0,
480,14.0,
481,34.0,
482,40.0,
483,18.0,
484,10.0,
485,38.0,
486,63.0,
487,18.0,
488,33.0,
489,13.0,
490,17.0,
491,38.0,
492,18.0,
493,35.0,
494,20.0,
495,24.0,
496,17.0,
497,15.0,
498,9.0,
499,23.0,
500,13.0,
501,31.0,
502,64.0,
503,12.0,
504,27.0,
505,54.0,
506,66.0,
507,54.0,
508,15.0,
509,13.0,
510,29.0,
511,45.0,
512,15.0,
513,74.0,
514,14.0,
515,38.0,
516,37.0,
517,12.0,
518,55.0,
519,46.0,
520,54.0,
521,52.0,
522,18.0,
523,10.0,
524,12.0,
525,26.0,
526,17.0,
527,14.0,
528,56.0,
529,19.0,
530,42.0,
531,12.0,
532,35.0,
533,20.0,
534,34.0,
535,26.0,
536,43.0,
537,15.0,
538,47.0,
539,11.0,
540,26.0,
541,20.0,
542,26.0,
543,42.0,
544,17.0,
545,25.0,
546,29.0,
547,16.0,
548,33.0,
549,54.0,
550,25.0,
551,42.0,
552,36.0,
553,13.0,
554,33.0,
555,37.0,
556,13.0,
557,61.0,
558,43.0,
559,16.0,
560,19.0,
561,43.0,
562,45.0,
563,42.0,
564,14.0,
565,27.0,
566,28.0,
567,31.0,
568,35.0,
569,51.0,
570,27.0,
571,46.0,
572,24.0,
573,41.0,
574,28.0,
575,47.0,
576,46.0,
577,46.0,
578,52.0,
579,28.0,
580,48.0,
581,120.0,
582,49.0,
583,45.0,
584,11.0,
585,26.0,
586,30.0,
587,41.0,
588,36.0,
589,21.0,
590,11.0,
591,56.0,
592,48.0,
593,17.0,
594,66.0,
595,22.0,
596,51.0,
597,21.0,
598,25.0,
599,18.0,
600,32.0,
601,31.0,
602,50.0,
603,22.0,
604,29.0,
605,26.0,
606,51.0,
607,37.0,
608,60.0,
609,12.0,
610,20.0,
611,157.0,
612,31.0,
613,57.0,
614,28.0,
615,28.0,
616,24.0,
617,14.0,
618,32.0,
619,64.0,
620,34.0,
621,18.0,
622,18.0,
623,15.0,
624,11.0,
625,21.0,
626,18.0,
627,63.0,
628,23.0,
629,38.0,
630,54.0,
631,33.0,
632,19.0,
633,14.0,
634,23.0,
635,79.0,
636,38.0,
637,53.0,
638,95.0,
639,24.0,
640,35.0,
641,34.0,
642,35.0,
643,59.0,
644,18.0,
645,27.0,
646,21.0,
647,12.0,
648,34.0,
649,85.0,
650,35.0,
651,47.0,
652,26.0,
653,28.0,
654,76.0,
655,18.0,
656,33.0,
657,20.0,
658,21.0,
659,40.0,
660,31.0,
661,59.0,
662,13.0,
663,46.0,
664,42.0,
665,44.0,
666,49.0,
667,48.0,
668,27.0,
669,17.0,
670,16.0,
671,17.0,
672,30.0,
673,28.0,
674,20.0,
675,17.0,
676,53.0,
677,82.0,
678,28.0,
679,79.0,
680,41.0,
681,20.0,
682,17.0,
683,13.0,
684,31.0,
685,21.0,
686,18.0,
687,26.0,
688,61.0,
689,51.0,
690,104.0,
691,23.0,
692,35.0,
693,46.0,
694,62.0,
695,19.0,
696,24.0,
697,20.0,
698,20.0,
699,17.0,
700,131.0,
701,65.0,
702,20.0,
703,40.0,
704,37.0,
705,33.0,
706,59.0,
707,27.0,
708,25.0,
709,28.0,
710,19.0,
711,11.0,
712,33.0,
713,23.0,
714,12.0,
715,57.0,
716,30.0,
717,13.0,
718,46.0,
719,77.0,
720,39.0,
721,22.0,
722,18.0,
723,20.0,
724,22.0,
725,33.0,
726,25.0,
727,11.0,
728,31.0,
729,45.0,
730,21.0,
731,9.0,
732,50.0,
733,27.0,
734,20.0,
735,39.0,
736,60.0,
737,53.0,
738,45.0,
739,28.0,
740,20.0,
741,34.0,
742,33.0,
743,63.0,
744,70.0,
745,99.0,
746,44.0,
747,93.0,
748,15.0,
749,40.0,
750,25.0,
751,11.0,
752,17.0,
753,76.0,
754,70.0,
755,89.0,
756,21.0,
757,25.0,
758,41.0,
759,26.0,
760,35.0,
761,45.0,
762,51.0,
763,54.0,
764,32.0,
765,65.0,
766,52.0,
767,95.0,
768,39.0,
769,22.0,
770,10.0,
771,48.0,
772,15.0,
773,63.0,
774,69.0,
775,74.0,
776,41.0,
777,55.0,
778,39.0,
779,20.0,
780,58.0,
781,43.0,
782,34.0,
783,69.0,
784,51.0,
785,43.0,
786,69.0,
787,147.0,
788,33.0,
789,109.0,
790,41.0,
791,50.0,
792,51.0,
793,43.0,
794,29.0,
795,71.0,
796,32.0,
797,50.0,
798,21.0,
799,70.0,
800,14.0,
801,121.0,
802,113.0,
803,43.0,
804,65.0,
805,64.0,
806,39.0,
807,10.0,
808,108.0,
809,52.0,
810,46.0,
811,70.0,
812,22.0,
813,53.0,
814,54.0,
815,56.0,
816,55.0,
817,125.0,
818,110.0,
819,101.0,
820,31.0,
821,46.0,
822,78.0,
823,44.0,
824,104.0,
825,29.0,
826,30.0,
827,47.0,
828,122.0,
829,58.0,
830,28.0,
831,116.0,
832,114.0,
833,34.0,
834,58.0,
835,36.0,
836,58.0,
837,83.0,
838,117.0,
839,48.0,
840,45.0,
841,86.0,
842,88.0,
843,127.0,
844,82.0,
845,129.0,
846,12.0,
847,24.0,
848,150.0,
849,39.0,
850,103.0,
851,166.0,
852,42.0,
853,116.0,
854,23.0,
855,87.0,
856,77.0,
857,77.0,
858,85.0,
859,64.0,
860,39.0,
861,54.0,
862,12.0,
863,83.0,
864,137.0,
865,167.0,
866,62.0,
867,128.0,
868,32.0,
869,84.0,
870,52.0,
871,108.0,
872,200.0,
873,69.0,
874,76.0,
875,184.0,
876,109.0,
877,117.0,
878,54.0,
879,200.0,
880,115.0,
881,152.0,
882,123.0,
883,150.0,
884,18.0,
885,134.0,
886,23.0,
887,130.0,
888,147.0,
889,107.0,
890,84.0,
891,34.0,
892,200.0,
893,194.0,
894,139.0,
895,34.0,
896,200.0,
897,142.0,
898,183.0,
899,118.0,
900,39.0,
901,160.0,
902,197.0,
903,155.0,
904,130.0,
905,142.0,
906,154.0,
907,145.0,
908,83.0,
909,101.0,
910,104.0,
911,122.0,
912,198.0,
913,181.0,
914,167.0,
915,163.0,
916,200.0,
917,173.0,
918,133.0,
919,130.0,
920,189.0,
921,166.0,
922,162.0,
923,139.0,
924,111.0,
925,115.0,
926,145.0,
927,141.0,
928,180.0,
929,148.0,
930,198.0,
931,150.0,
932,172.0,
933,162.0,
934,55.0,
935,139.0,
936,144.0,
937,155.0,
938,133.0,
939,187.0,
940,169.0,
941,106.0,
942,181.0,
943,134.0,
944,155.0,
945,193.0,
946,136.0,
947,180.0,
948,144.0,
949,180.0,
950,176.0,
951,200.0,
952,142.0,
953,198.0,
954,195.0,
955,200.0,
956,200.0,
957,174.0,
958,185.0,
959,160.0,
960,114.0,
961,200.0,
962,200.0,
963,173.0,
964,149.0,
965,200.0,
966,200.0,
967,124.0,
968,200.0,
969,139.0,
970,126.0,
971,171.0,
972,200.0,
973,200.0,
974,200.0,
975,138.0,
976,200.0,
977,200.0,
978,200.0,
979,200.0,
980,200.0,
981,106.0,
982,200.0,
983,200.0,
984,200.0,
985,200.0,
986,200.0,
987,200.0,
988,200.0,
989,200.0,
990,200.0,
991,174.0,
992,200.0,
993,200.0,
994,147.0,
995,200.0,
996,115.0,
997,200.0,
998,197.0,
999,200.0,
1000,148.0,
1001,200.0,
1002,200.0,
1003,68.0,
1004,124.0,
1005,109.0,
1006,126.0,
1007,88.0,
1008,163.0,
1009,93.0,
1010,45.0,
1011,200.0,
1012,73.0,
1013,73.0,
1014,66.0,
1015,77.0,
1016,91.0,
1017,104.0,
1018,91.0,
1019,88.0,
1020,96.0,
1021,58.0,
1022,129.0,
1023,76.0,
1024,86.0,
1025,100.0,
1026,127.0,
1027,97.0,
1028,85.0,
1029,137.0,
1030,87.0,
1031,118.0,
1032,95.0,
1033,163.0,
1034,103.0,
1035,82.0,
1036,78.0,
1037,48.0,
1038,112.0,
1039,92.0,
1040,96.0,
1041,94.0,
1042,115.0,
1043,92.0,
1044,117.0,
1045,75.0,
1046,100.0,
1047,79.0,
1048,107.0,
1049,83.0,
1050,89.0,
1051,99.0,
1052,99.0,
1053,80.0,
1054,91.0,
1055,70.0,
1056,55.0,
1057,125.0,
1058,57.0,
1059,78.0,
1060,124.0,
1061,98.0,
1062,100.0,
1063,98.0,
1064,87.0,
1065,75.0,
1066,98.0,
1067,81.0,
1068,151.0,
1069,194.0,
1070,99.0,
1071,101.0,
1072,69.0,
1073,114.0,
1074,77.0,
1075,128.0,
1076,136.0,
1077,153.0,
1078,120.0,
1079,112.0,
1080,170.0,
1081,123.0,
1082,115.0,
1083,131.0,
1084,138.0,
1085,186.0,
1086,186.0,
1087,60.0,
1088,99.0,
1089,121.0,
1090,148.0,
1091,175.0,
1092,200.0,
1093,141.0,
1094,165.0,
1095,130.0,
1096,118.0,
1097,146.0,
1098,186.0,
1099,200.0,
1100,200.0,
1101,164.0,
1102,199.0,
1103,200.0,
1104,200.0,
1105,200.0,
1106,200.0,
1107,200.0,
1108,200.0,
1109,200.0,
1110,200.0,
1111,200.0,
1112,200.0,
1113,200.0,
1114,200.0,
1115,200.0,
1116,200.0,
1117,200.0,
1118,200.0,
1119,200.0,
1120,200.0,
1121,200.0,
1122,200.0,
1123,200.0,
1124,200.0,
1125,200.0,
1126,200.0,
1127,200.0,
1128,200.0,
1129,200.0,
1130,200.0,
1131,200.0,
1132,200.0,
1133,200.0,
1134,200.0,
1135,200.0,
1136,200.0,
1137,200.0,
1138,200.0,
1139,200.0,
1140,148.0,
1141,152.0,
1142,200.0,
1143,200.0,
1144,200.0,
1145,146.0,
1146,200.0,
1147,200.0,
1148,131.0,
1149,148.0,
1150,158.0,
1151,152.0,
1152,184.0,
1153,162.0,
1154,153.0,
1155,141.0,
1156,142.0,
1157,130.0,
1158,139.0,
1159,140.0,
1160,123.0,
1161,120.0,
1162,136.0,
1163,152.0,
1164,104.0,
1165,135.0,
1166,135.0,
1167,121.0,
1168,136.0,
1169,127.0,
1170,112.0,
1171,128.0,
1172,125.0,
1173,120.0,
1174,116.0,
1175,142.0,
1176,113.0,
1177,113.0,
1178,129.0,
1179,113.0,
1180,123.0,
1181,121.0,
1182,107.0,
1183,124.0,
1184,110.0,
1185,104.0,
1186,125.0,
1187,116.0,
1188,120.0,
1189,126.0,
1190,119.0,
1191,114.0,
1192,115.0,
1193,132.0,
1194,119.0,
1195,118.0,
1196,112.0,
1197,110.0,
1198,113.0,
1199,114.0,
1200,117.0,
1201,102.0,
1202,107.0,
1203,119.0,
1204,100.0,
1205,109.0,
1206,114.0,
1207,101.0,
1208,116.0,
1209,109.0,
1210,117.0,
1211,106.0,
1212,117.0,
1213,97.0,
1214,99.0,
1215,100.0,
1216,100.0,
1217,114.0,
1218,112.0,
1219,115.0,
1220,109.0,
1221,102.0,
1222,104.0,
1223,98.0,
1224,112.0,
1225,115.0,
1226,115.0,
1227,114.0,
1228,48.0,
1229,106.0,
1230,60.0,
1231,95.0,
1232,112.0,
1233,94.0,
1234,99.0,
1235,97.0,
1236,105.0,
1237,98.0,
1238,61.0,
1239,57.0,
1240,98.0,
1241,98.0,
1242,103.0,
1243,110.0,
1244,99.0,
1245,102.0,
1246,105.0,
1247,109.0,
1248,105.0,
1249,105.0,
1250,103.0,
1251,108.0,
1252,41.0,
1253,99.0,
1254,104.0,
1255,100.0,
1256,111.0,
1257,112.0,
1258,120.0,
1259,110.0,
1260,41.0,
1261,117.0,
1262,107.0,
1263,108.0,
1264,113.0,
1265,114.0,
1266,111.0,
1267,120.0,
1268,112.0,
1269,120.0,
1270,104.0,
1271,114.0,
1272,132.0,
1273,104.0,
1274,123.0,
1275,127.0,
1276,111.0,
1277,113.0,
1278,121.0,
1279,119.0,
1280,136.0,
1281,131.0,
1282,126.0,
1283,121.0,
1284,131.0,
1285,116.0,
1286,136.0,
1287,131.0,
1288,200.0,
1289,145.0,
1290,200.0,
1291,133.0,
1292,200.0,
1293,152.0,
1294,200.0,
1295,200.0,
1296,200.0,
1297,200.0,
1298,200.0,
1299,200.0,
1300,200.0,
1301,200.0,
1302,200.0,
1303,200.0,
1304,200.0,
1305,200.0,
1306,200.0,
1307,200.0,
1308,200.0,
1309,200.0,
1310,200.0,
1311,200.0,
1312,200.0,
1313,200.0,
1314,200.0,
1315,200.0,
1316,200.0,
1317,200.0,
1318,200.0,
1319,200.0,
1320,200.0,
1321,200.0,
1322,200.0,
1323,200.0,
1324,200.0,
1325,200.0,
1326,200.0,
1327,200.0,
1328,200.0,
1329,200.0,
1330,200.0,
1331,200.0,
1332,200.0,
1333,200.0,
1334,200.0,
1335,200.0,
1336,200.0,
1337,200.0,
1338,200.0,
1339,200.0,
1340,200.0,
1341,200.0,
1342,200.0,
1343,200.0,
1344,200.0,
1345,200.0,
1346,200.0,
1347,200.0,
1348,200.0,
1349,200.0,
1350,200.0,
1351,200.0,
1352,200.0,
1353,200.0,
1354,200.0,
1355,200.0,
1356,200.0,
1357,200.0,
1358,200.0,
1359,190.0,
1360,195.0,
1361,195.0,
1362,200.0,
1363,200.0,
1364,188.0,
1365,177.0,
1366,177.0,
1367,193.0,
1368,184.0,
1369,185.0,
1370,152.0,
1371,155.0,
1372,172.0,
1373,169.0,
1374,158.0,
1375,169.0,
1376,177.0,
1377,159.0,
1378,142.0,
1379,154.0,
1380,140.0,
1381,162.0,
1382,143.0,
1383,147.0,
1384,151.0,
1385,145.0,
1386,145.0,
1387,147.0,
1388,148.0,
1389,149.0,
1390,150.0,
1391,135.0,
1392,134.0,
1393,153.0,
1394,143.0,
1395,130.0,
1396,139.0,
1397,128.0,
1398,145.0,
1399,135.0,
1400,129.0,
1401,121.0,
1402,147.0,
1403,130.0,
1404,120.0,
1405,121.0,
1406,144.0,
1407,130.0,
1408,137.0,
1409,128.0,
1410,138.0,
1411,122.0,
1412,140.0,
1413,143.0,
1414,122.0,
1415,127.0,
1416,126.0,
1417,132.0,
1418,119.0,
1419,133.0,
1420,132.0,
1421,139.0,
1422,120.0,
1423,120.0,
1424,134.0,
1425,130.0,
1426,123.0,
1427,127.0,
1428,130.0,
1429,125.0,
1430,132.0,
1431,120.0,
1432,123.0,
1433,140.0,
1434,115.0,
1435,124.0,
1436,131.0,
1437,132.0,
1438,131.0,
1439,132.0,
1440,131.0,
1441,140.0,
1442,134.0,
1443,116.0,
1444,122.0,
1445,127.0,
1446,117.0,
1447,129.0,
1448,134.0,
1449,125.0,
1450,130.0,
1451,141.0,
1452,137.0,
1453,125.0,
1454,120.0,
1455,140.0,
1456,133.0,
1457,139.0,
1458,135.0,
1459,127.0,
1460,134.0,
1461,112.0,
1462,126.0,
1463,115.0,
1464,116.0,
1465,126.0,
1466,133.0,
1467,128.0,
1468,130.0,
1469,141.0,
1470,143.0,
1471,144.0,
1472,122.0,
1473,121.0,
1474,136.0,
1475,129.0,
1476,135.0,
1477,138.0,
1478,133.0,
1479,138.0,
1480,130.0,
1481,139.0,
1482,136.0,
1483,132.0,
1484,140.0,
1485,121.0,
1486,126.0,
1487,137.0,
1488,135.0,
1489,157.0,
1490,144.0,
1491,131.0,
1492,158.0,
1493,146.0,
1494,134.0,
1495,154.0,
1496,144.0,
1497,147.0,
1498,154.0,
1499,158.0,
1500,132.0,
1501,132.0,
1502,156.0,
1503,137.0,
1504,138.0,
1505,126.0,
1506,138.0,
1507,130.0,
1508,133.0,
1509,145.0,
1510,158.0,
1511,148.0,
1512,139.0,
1513,171.0,
1514,139.0,
1515,151.0,
1516,137.0,
1517,149.0,
1518,151.0,
1519,140.0,
1520,160.0,
1521,149.0,
1522,162.0,
1523,145.0,
1524,172.0,
1525,148.0,
1526,139.0,
1527,138.0,
1528,136.0,
1529,146.0,
1530,133.0,
1531,127.0,
1532,143.0,
1533,159.0,
1534,158.0,
1535,144.0,
1536,153.0,
1537,164.0,
1538,147.0,
1539,129.0,
1540,165.0,
1541,169.0,
1542,138.0,
1543,172.0,
1544,172.0,
1545,143.0,
1546,149.0,
1547,124.0,
1548,139.0,
1549,146.0,
1550,161.0,
1551,152.0,
1552,166.0,
1553,144.0,
1554,166.0,
1555,152.0,
1556,154.0,
1557,160.0,
1558,148.0,
1559,184.0,
1560,144.0,
1561,188.0,
1562,200.0,
1563,200.0,
1564,197.0,
1565,193.0,
1566,156.0,
1567,200.0,
1568,200.0,
1569,200.0,
1570,200.0,
1571,148.0,
1572,200.0,
1573,200.0,
1574,200.0,
1575,200.0,
1576,200.0,
1577,200.0,
1578,200.0,
1579,200.0,
1580,200.0,
1581,200.0,
1582,200.0,
1583,200.0,
1584,200.0,
1585,200.0,
1586,200.0,
1587,200.0,
1588,200.0,
1589,200.0,
1590,200.0,
1591,200.0,
1592,200.0,
1593,200.0,
1594,200.0,
1595,200.0,
1596,200.0,
1597,200.0,
1598,200.0,
1599,200.0,
1600,200.0,
1601,200.0,
1602,200.0,
1603,200.0,
1604,200.0,
1605,200.0,
1606,200.0,
1607,200.0,
1608,200.0,
1609,200.0,
1610,200.0,
1611,200.0,
1612,200.0,
1613,200.0,
1614,200.0,
1615,200.0,
1616,200.0,
1617,200.0,
1618,200.0,
1619,200.0,
1620,200.0,
1621,200.0,
1622,200.0,
1623,200.0,
1624,200.0,
1625,200.0,
1626,200.0,
1627,200.0,
1628,200.0,
1629,200.0,
1630,200.0,
1631,200.0,
1632,200.0,
1633,200.0,
1634,200.0,
1635,200.0,
1636,200.0,
1637,200.0,
1638,200.0,
1639,200.0,
1640,200.0,
1641,200.0,
1642,200.0,
1643,200.0,
1644,200.0,
1645,200.0,
1646,200.0,
1647,200.0,
1648,200.0,
1649,200.0,
1650,200.0,
1651,200.0,
1652,200.0,
1653,200.0,
1654,200.0,
1655,200.0,
1656,200.0,
1657,200.0,
1658,200.0,
1659,200.0,
1660,200.0,
1661,200.0,
1662,200.0,
1663,200.0,
1664,200.0,
1665,200.0,
1666,200.0,
1667,200.0,
1668,200.0,
1669,200.0,
1670,200.0,
1671,200.0,
1672,200.0,
1673,200.0,
1674,200.0,
1675,200.0,
1676,200.0,
1677,200.0,
1678,200.0,
1679,200.0,
1680,200.0,
1681,200.0,
1682,200.0,
1683,200.0,
1684,200.0,
1685,200.0,
1686,200.0,
1687,200.0,
1688,200.0,
1689,200.0,
1690,200.0,
1691,200.0,
1692,200.0,
1693,200.0,
1694,200.0,
1695,200.0,
1696,200.0,
1697,200.0,
1698,200.0,
1699,200.0,
1700,200.0,
1701,200.0,
1702,200.0,
1703,200.0,
1704,200.0,
1705,200.0,
1706,200.0,
1707,200.0,
1708,200.0,
1709,200.0,
1710,200.0,
1711,200.0,
1712,200.0,
1713,200.0,
1714,200.0,
1715,200.0,
1716,200.0,
1717,200.0,
1718,200.0,
1719,200.0,
1720,200.0,
1721,200.0,
1722,200.0,
1723,200.0,
1724,200.0,
1725,200.0,
1726,200.0,
1727,200.0,
1728,200.0,
1729,200.0,
1730,200.0,
1731,200.0,
1732,200.0,
1733,200.0,
1734,200.0,
1735,200.0,
1736,200.0,
1737,200.0,
1738,200.0,
1739,200.0,
1740,200.0,
1741,200.0,
1742,200.0,
1743,200.0,
1744,200.0,
1745,200.0,
1746,200.0,
1747,200.0,
1748,200.0,
1749,200.0,
1750,200.0,
1751,200.0,
1752,200.0,
1753,200.0,
1754,200.0,
1755,200.0,
1756,200.0,
1757,200.0,
1758,200.0,
1759,200.0,
1760,200.0,
1761,200.0,
1762,200.0,
1763,200.0,
1764,200.0,
1765,200.0,
1766,200.0,
1767,200.0,
1768,200.0,
1769,200.0,
1770,200.0,
1771,200.0,
1772,200.0,
1773,200.0,
1774,200.0,
1775,200.0,
1776,200.0,
1777,200.0,
1778,200.0,
1779,200.0,
1780,200.0,
1781,200.0,
1782,200.0,
1783,200.0,
1784,200.0,
1785,200.0,
1786,200.0,
1787,200.0,
1788,200.0,
1789,200.0,
1790,200.0,
1791,200.0,
1792,200.0,
1793,200.0,
1794,200.0,
1795,200.0,
1796,200.0,
1797,200.0,
1798,200.0,
1799,200.0,
1800,200.0,
1801,200.0,
1802,200.0,
1803,200.0,
1804,200.0,
1805,200.0,
1806,200.0,
1807,200.0,
1808,200.0,
1809,200.0,
1810,200.0,
1811,200.0,
1812,200.0,
1813,200.0,
1814,200.0,
1815,200.0,
1816,200.0,
1817,200.0,
1818,200.0,
1819,200.0,
1820,200.0,
1821,200.0,
1822,200.0,
1823,200.0,
1824,200.0,
1825,200.0,
1826,200.0,
1827,200.0,
1828,200.0,
1829,200.0,
1830,200.0,
1831,200.0,
1832,200.0,
1833,200.0,
1834,200.0,
1835,200.0,
1836,200.0,
1837,200.0,
1838,200.0,
1839,200.0,
1840,200.0,
1841,200.0,
1842,200.0,
1843,200.0,
1844,200.0,
1845,200.0,
1846,200.0,
1847,200.0,
1848,200.0,
1849,200.0,
1850,200.0,
1851,200.0,
1852,200.0,
1853,200.0,
1854,200.0,
1855,200.0,
1856,200.0,
1857,200.0,
1858,200.0,
1859,200.0,
1860,200.0,
1861,200.0,
1862,200.0,
1863,200.0,
1864,200.0,
1865,200.0,
1866,200.0,
1867,200.0,
1868,200.0,
1869,200.0,
1870,200.0,
1871,200.0,
1872,200.0,
1873,200.0,
1874,200.0,
1875,200.0,
1876,200.0,
1877,200.0,
1878,200.0,
1879,200.0,
1880,200.0,
1881,200.0,
1882,200.0,
1883,200.0,
1884,200.0,
1885,200.0,
1886,200.0,
1887,200.0,
1888,200.0,
1889,200.0,
1890,200.0,
1891,200.0,
1892,200.0,
1893,200.0,
1894,200.0,
1895,200.0,
1896,200.0,
1897,200.0,
1898,200.0,
1899,200.0,
1900,200.0,
1901,200.0,
1902,200.0,
1903,200.0,
1904,200.0,
1905,200.0,
1906,200.0,
1907,200.0,
1908,200.0,
1909,200.0,
1910,200.0,
1911,200.0,
1912,200.0,
1913,200.0,
1914,200.0,
1915,200.0,
1916,200.0,
1917,200.0,
1918,200.0,
1919,200.0,
1920,200.0,
1921,200.0,
1922,200.0,
1923,200.0,
1924,200.0,
1925,200.0,
1926,200.0,
1927,200.0,
1928,200.0,
1929,200.0,
1930,200.0,
1931,200.0,
1932,200.0,
1933,200.0,
1934,200.0,
1935,200.0,
1936,200.0,
1937,200.0,
1938,200.0,
1939,200.0,
1940,200.0,
1941,200.0,
1942,200.0,
1943,200.0,
1944,200.0,
1945,200.0,
1946,200.0,
1947,200.0,
1948,200.0,
1949,200.0,
1950,200.0,
1951,200.0,
1952,200.0,
1953,200.0,
1954,200.0,
1955,200.0,
1956,200.0,
1957,200.0,
1958,200.0,
1959,200.0,
1960,200.0,
1961,200.0,
1962,200.0,
1963,200.0,
1964,200.0,
1965,200.0,
1966,200.0,
1967,200.0,
1968,200.0,
1969,200.0,
1970,200.0,
1971,200.0,
1972,200.0,
1973,200.0,
1974,200.0,
1975,200.0,
1976,200.0,
1977,200.0,
1978,200.0,
1979,200.0,
1980,200.0,
1981,200.0,
1982,200.0,
1983,200.0,
1984,200.0,
1985,200.0,
1986,200.0,
1987,200.0,
1988,200.0,
1989,200.0,
1990,200.0,
1991,200.0,
1992,200.0,
1993,200.0,
1994,200.0,
1995,200.0,
1996,200.0,
1997,200.0,
1998,200.0,
1999,200.0,
2000,200.0,
2001,200.0,
2002,200.0,
2003,200.0,
2004,200.0,
2005,200.0,
2006,200.0,
2007,200.0,
2008,200.0,
2009,200.0,
2010,200.0,
2011,200.0,
2012,200.0,
2013,200.0,
2014,200.0,
2015,200.0,
2016,200.0,
2017,200.0,
2018,200.0,
2019,200.0,
2020,200.0,
2021,200.0,
2022,200.0,
2023,200.0,
2024,200.0,
2025,200.0,
2026,200.0,
2027,200.0,
2028,200.0,
2029,200.0,
2030,200.0,
2031,200.0,
2032,200.0,
2033,200.0,
2034,200.0,
2035,200.0,
2036,200.0,
2037,200.0,
2038,200.0,
2039,200.0,
2040,200.0,
2041,200.0,
2042,200.0,
2043,200.0,
2044,200.0,
2045,200.0,
2046,200.0,
2047,200.0,
2048,200.0,
2049,200.0,
2050,200.0,
2051,200.0,
2052,200.0,
2053,200.0,
2054,200.0,
2055,200.0,
2056,200.0,
2057,200.0,
2058,200.0,
2059,200.0,
2060,200.0,
2061,200.0,
2062,200.0,
2063,200.0,
2064,200.0,
2065,200.0,
2066,200.0,
2067,200.0,
2068,200.0,
2069,200.0,
2070,200.0,
2071,200.0,
2072,200.0,
2073,200.0,
2074,200.0,
2075,200.0,
2076,200.0,
2077,200.0,
2078,200.0,
2079,200.0,
2080,200.0,
2081,200.0,
2082,200.0,
2083,200.0,
2084,200.0,
2085,200.0,
2086,200.0,
2087,200.0,
2088,200.0,
2089,200.0,
2090,200.0,
2091,200.0,
2092,200.0,
2093,200.0,
2094,200.0,
2095,200.0,
2096,200.0,
2097,200.0,
2098,200.0,
2099,200.0,
2100,200.0,
2101,200.0,
2102,200.0,
2103,200.0,
2104,200.0,
2105,200.0,
2106,200.0,
2107,200.0,
2108,200.0,
2109,200.0,
2110,200.0,
2111,200.0,
2112,200.0,
2113,200.0,
2114,200.0,
2115,200.0,
2116,200.0,
2117,200.0,
2118,200.0,
2119,200.0,
2120,200.0,
2121,200.0,
2122,200.0,
2123,200.0,
2124,200.0,
2125,200.0,
2126,200.0,
2127,200.0,
2128,200.0,
2129,200.0,
2130,200.0,
2131,200.0,
2132,200.0,
2133,200.0,
2134,200.0,
2135,200.0,
2136,200.0,
2137,200.0,
2138,200.0,
2139,200.0,
2140,200.0,
2141,200.0,
2142,200.0,
2143,200.0,
2144,200.0,
2145,200.0,
2146,200.0,
2147,200.0,
2148,200.0,
2149,200.0,
2150,200.0,
2151,200.0,
2152,200.0,
2153,200.0,
2154,200.0,
2155,200.0,
2156,200.0,
2157,200.0,
2158,200.0,
2159,200.0,
2160,200.0,
2161,200.0,
2162,200.0,
2163,200.0,
2164,200.0,
2165,200.0,
2166,200.0,
2167,200.0,
2168,200.0,
2169,200.0,
2170,200.0,
2171,200.0,
2172,200.0,
2173,200.0,
2174,200.0,
2175,200.0,
2176,200.0,
2177,200.0,
2178,200.0,
2179,200.0,
2180,200.0,
2181,200.0,
2182,200.0,
2183,200.0,
2184,200.0,
2185,200.0,
2186,200.0,
2187,200.0,
2188,200.0,
2189,200.0,
2190,200.0,
2191,200.0,
2192,200.0,
2193,200.0,
2194,200.0,
2195,200.0,
2196,200.0,
2197,200.0,
2198,200.0,
2199,200.0,
2200,200.0,
2201,200.0,
2202,200.0,
2203,200.0,
2204,200.0,
2205,200.0,
2206,200.0,
2207,200.0,
2208,200.0,
2209,200.0,
2210,200.0,
2211,200.0,
2212,200.0,
2213,200.0,
2214,200.0,
2215,200.0,
2216,200.0,
2217,200.0,
2218,200.0,
2219,200.0,
2220,200.0,
2221,200.0,
2222,200.0,
2223,200.0,
2224,200.0,
2225,200.0,
2226,200.0,
2227,200.0,
2228,200.0,
2229,200.0,
2230,200.0,
2231,200.0,
2232,200.0,
2233,200.0,
2234,200.0,
2235,200.0,
2236,200.0,
2237,200.0,
2238,200.0,
2239,200.0,
2240,200.0,
2241,200.0,
2242,200.0,
2243,200.0,
2244,200.0,
2245,200.0,
2246,200.0,
2247,200.0,
2248,200.0,
2249,200.0,
2250,200.0,
2251,200.0,
2252,200.0,
2253,200.0,
2254,200.0,
2255,200.0,
2256,200.0,
2257,200.0,
2258,200.0,
2259,200.0,
2260,200.0,
2261,200.0,
2262,200.0,
2263,200.0,
2264,200.0,
2265,200.0,
2266,200.0,
2267,200.0,
2268,200.0,
2269,200.0,
2270,200.0,
2271,200.0,
2272,200.0,
2273,200.0,
2274,200.0,
2275,200.0,
2276,200.0,
2277,200.0,
2278,200.0,
2279,200.0,
2280,200.0,
2281,200.0,
2282,200.0,
2283,200.0,
2284,200.0,
2285,200.0,
2286,200.0,
2287,200.0,
2288,200.0,
2289,200.0,
2290,200.0,
2291,200.0,
2292,200.0,
2293,200.0,
2294,200.0,
2295,200.0,
2296,200.0,
2297,200.0,
2298,200.0,
2299,200.0,
2300,200.0,
2301,200.0,
2302,200.0,
2303,200.0,
2304,200.0,
2305,200.0,
2306,200.0,
2307,200.0,
2308,200.0,
2309,200.0,
2310,200.0,
2311,200.0,
2312,200.0,
2313,200.0,
2314,200.0,
2315,200.0,
2316,200.0,
2317,200.0,
2318,200.0,
2319,200.0,
2320,200.0,
2321,200.0,
2322,200.0,
2323,200.0,
2324,200.0,
2325,200.0,
2326,200.0,
2327,200.0,
2328,200.0,
2329,200.0,
2330,200.0,
2331,200.0,
2332,200.0,
2333,200.0,
2334,200.0,
2335,200.0,
2336,200.0,
2337,200.0,
2338,200.0,
2339,200.0,
2340,200.0,
2341,200.0,
2342,200.0,
2343,200.0,
2344,200.0,
2345,200.0,
2346,200.0,
2347,200.0,
2348,200.0,
2349,200.0,
2350,200.0,
2351,200.0,
2352,200.0,
2353,200.0,
2354,200.0,
2355,200.0,
2356,200.0,
2357,200.0,
2358,200.0,
2359,200.0,
2360,200.0,
2361,200.0,
2362,200.0,
2363,200.0,
2364,200.0,
2365,200.0,
2366,200.0,
2367,200.0,
2368,200.0,
2369,200.0,
2370,200.0,
2371,200.0,
2372,200.0,
2373,200.0,
2374,200.0,
2375,200.0,
2376,200.0,
2377,200.0,
2378,200.0,
2379,200.0,
2380,200.0,
2381,200.0,
2382,200.0,
2383,200.0,
2384,200.0,
2385,200.0,
2386,200.0,
2387,200.0,
2388,200.0,
2389,200.0,
2390,200.0,
2391,200.0,
2392,200.0,
2393,200.0,
2394,200.0,
2395,200.0,
2396,200.0,
2397,181.0,
2398,200.0,
2399,200.0,
2400,200.0,
2401,173.0,
2402,200.0,
2403,200.0,
2404,200.0,
2405,200.0,
2406,124.0,
2407,200.0,
2408,183.0,
2409,200.0,
2410,177.0,
2411,200.0,
2412,80.0,
2413,79.0,
2414,184.0,
2415,130.0,
2416,200.0,
2417,177.0,
2418,200.0,
2419,175.0,
2420,200.0,
2421,122.0,
2422,132.0,
2423,200.0,
2424,200.0,
2425,125.0,
2426,200.0,
2427,200.0,
2428,200.0,
2429,76.0,
2430,200.0,
2431,200.0,
2432,200.0,
2433,200.0,
2434,200.0,
2435,179.0,
2436,200.0,
2437,84.0,
2438,200.0,
2439,77.0,
2440,180.0,
2441,200.0,
2442,80.0,
2443,133.0,
2444,200.0,
2445,74.0,
2446,200.0,
2447,83.0,
2448,139.0,
2449,72.0,
2450,74.0,
2451,200.0,
2452,82.0,
2453,200.0,
2454,200.0,
2455,200.0,
2456,200.0,
2457,200.0,
2458,187.0,
2459,87.0,
2460,84.0,
2461,82.0,
2462,89.0,
2463,141.0,
2464,85.0,
2465,86.0,
2466,91.0,
2467,200.0,
2468,85.0,
2469,200.0,
2470,94.0,
2471,200.0,
2472,84.0,
2473,89.0,
2474,95.0,
2475,200.0,
2476,200.0,
2477,84.0,
2478,200.0,
2479,89.0,
2480,200.0,
2481,200.0,
2482,83.0,
2483,200.0,
2484,200.0,
2485,82.0,
2486,87.0,
2487,86.0,
2488,200.0,
2489,200.0,
2490,200.0,
2491,200.0,
2492,200.0,
2493,200.0,
2494,200.0,
2495,200.0,
2496,200.0,
2497,88.0,
2498,200.0,
2499,200.0,
2500,19.0,
2501,182.0,
2502,29.0,
2503,200.0,
2504,200.0,
2505,184.0,
2506,16.0,
2507,175.0,
2508,179.0,
2509,17.0,
2510,188.0,
2511,174.0,
2512,175.0,
2513,158.0,
2514,177.0,
2515,169.0,
2516,26.0,
2517,158.0,
2518,166.0,
2519,174.0,
2520,161.0,
2521,165.0,
2522,160.0,
2523,159.0,
2524,159.0,
2525,27.0,
2526,169.0,
2527,156.0,
2528,161.0,
2529,163.0,
2530,153.0,
2531,153.0,
2532,159.0,
2533,156.0,
2534,25.0,
2535,21.0,
2536,159.0,
2537,19.0,
2538,165.0,
2539,155.0,
2540,18.0,
2541,166.0,
2542,168.0,
2543,170.0,
2544,24.0,
2545,166.0,
2546,174.0,
2547,164.0,
2548,170.0,
2549,157.0,
2550,181.0,
2551,20.0,
2552,172.0,
2553,15.0,
2554,177.0,
2555,177.0,
2556,179.0,
2557,186.0,
2558,193.0,
2559,193.0,
2560,200.0,
2561,200.0,
2562,200.0,
2563,196.0,
2564,200.0,
2565,190.0,
2566,16.0,
2567,200.0,
2568,200.0,
2569,20.0,
2570,200.0,
2571,200.0,
2572,200.0,
2573,200.0,
2574,22.0,
2575,200.0,
2576,200.0,
2577,200.0,
2578,200.0,
2579,200.0,
2580,200.0,
2581,200.0,
2582,200.0,
2583,200.0,
2584,200.0,
2585,200.0,
2586,200.0,
2587,200.0,
2588,20.0,
2589,13.0,
2590,200.0,
2591,14.0,
2592,200.0,
2593,200.0,
2594,200.0,
2595,200.0,
2596,12.0,
2597,200.0,
2598,12.0,
2599,13.0,
2600,200.0,
2601,200.0,
2602,200.0,
2603,200.0,
2604,17.0,
2605,200.0,
2606,200.0,
2607,200.0,
2608,19.0,
2609,24.0,
2610,200.0,
2611,200.0,
2612,200.0,
2613,200.0,
2614,200.0,
2615,200.0,
2616,200.0,
2617,20.0,
2618,200.0,
2619,24.0,
2620,19.0,
2621,200.0,
2622,200.0,
2623,200.0,
2624,200.0,
2625,200.0,
2626,200.0,
2627,200.0,
2628,200.0,
2629,200.0,
2630,200.0,
2631,200.0,
2632,200.0,
2633,200.0,
2634,200.0,
2635,200.0,
2636,200.0,
2637,200.0,
2638,200.0,
2639,200.0,
2640,200.0,
2641,200.0,
2642,200.0,
2643,200.0,
2644,200.0,
2645,200.0,
2646,200.0,
2647,200.0,
2648,188.0,
2649,196.0,
2650,199.0,
2651,194.0,
2652,184.0,
2653,200.0,
2654,200.0,
2655,200.0,
2656,28.0,
2657,200.0,
2658,200.0,
2659,198.0,
2660,18.0,
2661,193.0,
2662,200.0,
2663,200.0,
2664,191.0,
2665,200.0,
2666,200.0,
2667,200.0,
2668,200.0,
2669,200.0,
2670,200.0,
2671,200.0,
2672,200.0,
2673,200.0,
2674,200.0,
2675,200.0,
2676,200.0,
2677,200.0,
2678,200.0,
2679,200.0,
2680,200.0,
2681,200.0,
2682,200.0,
2683,200.0,
2684,200.0,
2685,200.0,
2686,200.0,
2687,200.0,
2688,200.0,
2689,200.0,
2690,200.0,
2691,200.0,
2692,200.0,
2693,200.0,
2694,200.0,
2695,200.0,
2696,200.0,
2697,200.0,
2698,200.0,
2699,200.0,
2700,200.0,
2701,200.0,
2702,200.0,
2703,200.0,
2704,200.0,
2705,200.0,
2706,200.0,
2707,200.0,
2708,200.0,
2709,200.0,
2710,200.0,
2711,200.0,
2712,200.0,
2713,200.0,
2714,200.0,
2715,200.0,
2716,200.0,
2717,200.0,
2718,200.0,
2719,200.0,
2720,200.0,
2721,200.0,
2722,200.0,
2723,200.0,
2724,200.0,
2725,200.0,
2726,200.0,
2727,200.0,
2728,200.0,
2729,200.0,
2730,200.0,
2731,200.0,
2732,200.0,
2733,200.0,
2734,200.0,
2735,200.0,
2736,200.0,
2737,200.0,
2738,200.0,
2739,200.0,
2740,200.0,
2741,200.0,
2742,200.0,
2743,200.0,
2744,200.0,
2745,200.0,
2746,200.0,
2747,200.0,
2748,200.0,
2749,200.0,
2750,200.0,
2751,200.0,
2752,200.0,
2753,200.0,
2754,200.0,
2755,200.0,
2756,200.0,
2757,200.0,
2758,200.0,
2759,200.0,
2760,200.0,
2761,200.0,
2762,200.0,
2763,200.0,
2764,200.0,
2765,200.0,
2766,200.0,
2767,200.0,
2768,200.0,
2769,200.0,
2770,200.0,
2771,200.0,
2772,200.0,
2773,200.0,
2774,200.0,
2775,200.0,
2776,200.0,
2777,200.0,
2778,200.0,
2779,200.0,
2780,200.0,
2781,200.0,
2782,200.0,
2783,200.0,
2784,200.0,
2785,200.0,
2786,200.0,
2787,200.0,
2788,200.0,
2789,200.0,
2790,200.0,
2791,200.0,
2792,200.0,
2793,200.0,
2794,200.0,
2795,200.0,
2796,200.0,
2797,200.0,
2798,200.0,
2799,200.0,
2800,200.0,
2801,200.0,
2802,200.0,
2803,200.0,
2804,200.0,
2805,200.0,
2806,200.0,
2807,200.0,
2808,200.0,
2809,200.0,
2810,200.0,
2811,200.0,
2812,200.0,
2813,200.0,
2814,200.0,
2815,200.0,
2816,200.0,
2817,200.0,
2818,200.0,
2819,200.0,
2820,200.0,
2821,200.0,
2822,200.0,
2823,200.0,
2824,200.0,
2825,200.0,
2826,200.0,
2827,200.0,
2828,200.0,
2829,200.0,
2830,200.0,
2831,200.0,
2832,200.0,
2833,200.0,
2834,200.0,
2835,200.0,
2836,200.0,
2837,200.0,
2838,200.0,
2839,200.0,
2840,200.0,
2841,200.0,
2842,200.0,
2843,200.0,
2844,200.0,
2845,200.0,
2846,200.0,
2847,200.0,
2848,200.0,
2849,200.0,
2850,200.0,
2851,200.0,
2852,200.0,
2853,200.0,
2854,200.0,
2855,200.0,
2856,200.0,
2857,200.0,
2858,200.0,
2859,200.0,
2860,200.0,
2861,200.0,
2862,200.0,
2863,200.0,
2864,200.0,
2865,200.0,
2866,200.0,
2867,200.0,
2868,200.0,
2869,200.0,
2870,200.0,
2871,200.0,
2872,200.0,
2873,200.0,
2874,200.0,
2875,200.0,
2876,200.0,
2877,200.0,
2878,200.0,
2879,200.0,
2880,200.0,
2881,200.0,
2882,200.0,
2883,200.0,
2884,200.0,
2885,200.0,
2886,200.0,
2887,200.0,
2888,200.0,
2889,200.0,
2890,200.0,
2891,200.0,
2892,200.0,
2893,200.0,
2894,200.0,
2895,200.0,
2896,200.0,
2897,200.0,
2898,200.0,
2899,200.0,
2900,200.0,
2901,200.0,
2902,200.0,
2903,200.0,
2904,200.0,
2905,200.0,
2906,200.0,
2907,200.0,
2908,200.0,
2909,200.0,
2910,200.0,
2911,200.0,
2912,200.0,
2913,200.0,
2914,200.0,
2915,200.0,
2916,200.0,
2917,200.0,
2918,200.0,
2919,200.0,
2920,200.0,
2921,200.0,
2922,200.0,
2923,200.0,
2924,200.0,
2925,200.0,
2926,200.0,
2927,200.0,
2928,200.0,
2929,200.0,
2930,200.0,
2931,200.0,
2932,200.0,
2933,200.0,
2934,200.0,
2935,200.0,
2936,200.0,
2937,200.0,
2938,200.0,
2939,200.0,
2940,200.0,
2941,200.0,
2942,200.0,
2943,200.0,
2944,200.0,
2945,200.0,
2946,200.0,
2947,200.0,
2948,200.0,
2949,200.0,
2950,200.0,
2951,200.0,
2952,200.0,
2953,200.0,
2954,200.0,
2955,200.0,
2956,200.0,
2957,200.0,
2958,200.0,
2959,200.0,
2960,200.0,
2961,200.0,
2962,200.0,
2963,200.0,
2964,200.0,
2965,200.0,
2966,200.0,
2967,200.0,
2968,200.0,
2969,200.0,
2970,200.0,
2971,200.0,
2972,200.0,
2973,200.0,
2974,200.0,
2975,200.0,
2976,200.0,
2977,200.0,
2978,200.0,
2979,200.0,
2980,200.0,
2981,200.0,
2982,200.0,
2983,200.0,
2984,200.0,
2985,200.0,
2986,200.0,
2987,200.0,
2988,200.0,
2989,200.0,
2990,200.0,
2991,200.0,
2992,200.0,
2993,200.0,
2994,200.0,
2995,200.0,
2996,200.0,
2997,200.0,
2998,200.0,
2999,200.0,
3000,200.0,
3001,200.0,
3002,200.0,
3003,200.0,
3004,200.0,
3005,200.0,
3006,200.0,
3007,200.0,
3008,200.0,
3009,200.0,
3010,200.0,
3011,200.0,
3012,200.0,
3013,200.0,
3014,200.0,
3015,200.0,
3016,200.0,
3017,200.0,
3018,200.0,
3019,200.0,
3020,200.0,
3021,200.0,
3022,200.0,
3023,200.0,
3024,200.0,
3025,200.0,
3026,200.0,
3027,200.0,
3028,200.0,
3029,200.0,
3030,200.0,
3031,200.0,
3032,200.0,
3033,200.0,
3034,200.0,
3035,200.0,
3036,200.0,
3037,200.0,
3038,200.0,
3039,200.0,
3040,200.0,
3041,200.0,
3042,200.0,
3043,200.0,
3044,200.0,
3045,200.0,
3046,200.0,
3047,200.0,
3048,200.0,
3049,200.0,
3050,200.0,
3051,200.0,
3052,200.0,
3053,200.0,
3054,200.0,
3055,200.0,
3056,200.0,
3057,200.0,
3058,200.0,
3059,200.0,
3060,200.0,
3061,200.0,
3062,200.0,
3063,200.0,
3064,200.0,
3065,200.0,
3066,200.0,
3067,200.0,
3068,200.0,
3069,200.0,
3070,200.0,
3071,200.0,
3072,200.0,
3073,200.0,
3074,200.0,
3075,200.0,
3076,200.0,
3077,200.0,
3078,200.0,
3079,200.0,
3080,200.0,
3081,200.0,
3082,200.0,
3083,200.0,
3084,200.0,
3085,200.0,
3086,200.0,
3087,200.0,
3088,200.0,
3089,200.0,
3090,200.0,
3091,200.0,
3092,200.0,
3093,200.0,
3094,200.0,
3095,200.0,
3096,200.0,
3097,200.0,
3098,200.0,
3099,200.0,
3100,200.0,
3101,200.0,
3102,200.0,
3103,200.0,
3104,200.0,
3105,200.0,
3106,200.0,
3107,200.0,
3108,200.0,
3109,200.0,
3110,200.0,
3111,200.0,
3112,200.0,
3113,200.0,
3114,200.0,
3115,200.0,
3116,200.0,
3117,200.0,
3118,200.0,
3119,200.0,
3120,200.0,
3121,200.0,
3122,200.0,
3123,200.0,
3124,200.0,
3125,200.0,
3126,200.0,
3127,200.0,
3128,200.0,
3129,200.0,
3130,200.0,
3131,200.0,
3132,200.0,
3133,200.0,
3134,200.0,
3135,200.0,
3136,200.0,
3137,200.0,
3138,200.0,
3139,200.0,
3140,200.0,
3141,200.0,
3142,200.0,
3143,200.0,
3144,200.0,
3145,200.0,
3146,200.0,
3147,200.0,
3148,200.0,
3149,200.0,
3150,200.0,
3151,200.0,
3152,200.0,
3153,200.0,
3154,200.0,
3155,200.0,
3156,200.0,
3157,200.0,
3158,200.0,
3159,200.0,
3160,200.0,
3161,200.0,
3162,200.0,
3163,200.0,
3164,200.0,
3165,200.0,
3166,200.0,
3167,200.0,
3168,200.0,
3169,200.0,
3170,200.0,
3171,200.0,
3172,200.0,
3173,200.0,
3174,200.0,
3175,200.0,
3176,200.0,
3177,200.0,
3178,200.0,
3179,200.0,
3180,200.0,
3181,200.0,
3182,200.0,
3183,200.0,
3184,200.0,
3185,200.0,
3186,200.0,
3187,200.0,
3188,200.0,
3189,200.0,
3190,200.0,
3191,200.0,
3192,200.0,
3193,200.0,
3194,200.0,
3195,200.0,
3196,200.0,
3197,200.0,
3198,200.0,
3199,200.0,
3200,200.0,
3201,200.0,
3202,200.0,
3203,200.0,
3204,200.0,
3205,200.0,
3206,200.0,
3207,200.0,
3208,200.0,
3209,200.0,
3210,200.0,
3211,200.0,
3212,200.0,
3213,200.0,
3214,200.0,
3215,200.0,
3216,200.0,
3217,200.0,
3218,200.0,
3219,200.0,
3220,200.0,
3221,200.0,
3222,200.0,
3223,200.0,
3224,200.0,
3225,200.0,
3226,200.0,
3227,200.0,
3228,200.0,
3229,200.0,
3230,200.0,
3231,200.0,
3232,200.0,
3233,200.0,
3234,200.0,
3235,200.0,
3236,200.0,
3237,200.0,
3238,200.0,
3239,200.0,
3240,200.0,
3241,200.0,
3242,200.0,
3243,200.0,
3244,200.0,
3245,200.0,
3246,200.0,
3247,200.0,
3248,200.0,
3249,200.0,
3250,200.0,
3251,200.0,
3252,200.0,
3253,200.0,
3254,200.0,
3255,200.0,
3256,200.0,
3257,200.0,
3258,200.0,
3259,200.0,
3260,200.0,
3261,200.0,
3262,200.0,
3263,200.0,
3264,200.0,
3265,200.0,
3266,200.0,
3267,200.0,
3268,200.0,
3269,200.0,
3270,200.0,
3271,200.0,
3272,200.0,
3273,200.0,
3274,200.0,
3275,200.0,
3276,200.0,
3277,200.0,
3278,200.0,
3279,200.0,
3280,200.0,
3281,200.0,
3282,200.0,
3283,200.0,
3284,200.0,
3285,200.0,
3286,200.0,
3287,200.0,
3288,200.0,
3289,200.0,
3290,200.0,
3291,200.0,
3292,200.0,
3293,200.0,
3294,200.0,
3295,200.0,
3296,200.0,
3297,200.0,
3298,200.0,
3299,200.0,
3300,200.0,
3301,200.0,
3302,200.0,
3303,200.0,
3304,200.0,
3305,200.0,
3306,200.0,
3307,200.0,
3308,200.0,
3309,200.0,
3310,200.0,
3311,200.0,
3312,200.0,
3313,200.0,
3314,200.0,
3315,200.0,
3316,200.0,
3317,200.0,
3318,200.0,
3319,200.0,
3320,200.0,
3321,200.0,
3322,200.0,
3323,200.0,
3324,200.0,
3325,200.0,
3326,200.0,
3327,200.0,
3328,200.0,
3329,200.0,
3330,200.0,
3331,200.0,
3332,200.0,
3333,200.0,
3334,200.0,
3335,200.0,
3336,200.0,
3337,200.0,
3338,200.0,
3339,200.0,
3340,200.0,
3341,200.0,
3342,200.0,
3343,200.0,
3344,200.0,
3345,200.0,
3346,200.0,
3347,200.0,
3348,200.0,
3349,200.0,
3350,200.0,
3351,200.0,
3352,200.0,
3353,200.0,
3354,200.0,
3355,200.0,
3356,200.0,
3357,200.0,
3358,200.0,
3359,200.0,
3360,200.0,
3361,200.0,
3362,200.0,
3363,200.0,
3364,200.0,
3365,200.0,
3366,200.0,
3367,200.0,
3368,200.0,
3369,200.0,
3370,200.0,
3371,200.0,
3372,200.0,
3373,200.0,
3374,200.0,
3375,200.0,
3376,200.0,
3377,200.0,
3378,200.0,
3379,200.0,
3380,200.0,
3381,200.0,
3382,200.0,
3383,200.0,
3384,200.0,
3385,200.0,
3386,200.0,
3387,200.0,
3388,200.0,
3389,200.0,
3390,200.0,
3391,200.0,
3392,200.0,
3393,200.0,
3394,200.0,
3395,200.0,
3396,200.0,
3397,200.0,
3398,200.0,
3399,200.0,
3400,200.0,
3401,200.0,
3402,200.0,
3403,200.0,
3404,200.0,
3405,200.0,
3406,200.0,
3407,200.0,
3408,200.0,
3409,200.0,
3410,200.0,
3411,200.0,
3412,200.0,
3413,200.0,
3414,200.0,
3415,200.0,
3416,200.0,
3417,200.0,
3418,200.0,
3419,200.0,
3420,200.0,
3421,200.0,
3422,200.0,
3423,200.0,
3424,200.0,
3425,200.0,
3426,200.0,
3427,200.0,
3428,200.0,
3429,200.0,
3430,200.0,
3431,200.0,
3432,200.0,
3433,200.0,
3434,200.0,
3435,200.0,
3436,200.0,
3437,200.0,
3438,200.0,
3439,200.0,
3440,200.0,
3441,200.0,
3442,200.0,
3443,200.0,
3444,200.0,
3445,200.0,
3446,200.0,
3447,200.0,
3448,200.0,
3449,200.0,
3450,200.0,
3451,200.0,
3452,200.0,
3453,200.0,
3454,200.0,
3455,200.0,
3456,200.0,
3457,200.0,
3458,200.0,
3459,200.0,
3460,200.0,
3461,200.0,
3462,200.0,
3463,200.0,
3464,200.0,
3465,200.0,
3466,200.0,
3467,200.0,
3468,200.0,
3469,200.0,
3470,200.0,
3471,200.0,
3472,200.0,
3473,200.0,
3474,200.0,
3475,200.0,
3476,200.0,
3477,200.0,
3478,200.0,
3479,200.0,
3480,200.0,
3481,200.0,
3482,200.0,
3483,200.0,
3484,200.0,
3485,200.0,
3486,200.0,
3487,200.0,
3488,200.0,
3489,200.0,
3490,200.0,
3491,200.0,
3492,200.0,
3493,200.0,
3494,200.0,
3495,200.0,
3496,200.0,
3497,200.0,
3498,200.0,
3499,200.0,
3500,200.0,
3501,200.0,
3502,200.0,
3503,200.0,
3504,200.0,
3505,200.0,
3506,200.0,
3507,200.0,
3508,200.0,
3509,200.0,
3510,200.0,
3511,200.0,
3512,200.0,
3513,200.0,
3514,200.0,
3515,200.0,
3516,200.0,
3517,200.0,
3518,200.0,
3519,200.0,
3520,200.0,
3521,200.0,
3522,200.0,
3523,200.0,
3524,200.0,
3525,200.0,
3526,200.0,
3527,200.0,
3528,200.0,
3529,200.0,
3530,200.0,
3531,200.0,
3532,200.0,
3533,200.0,
3534,200.0,
3535,200.0,
3536,200.0,
3537,200.0,
3538,200.0,
3539,200.0,
3540,200.0,
3541,200.0,
3542,200.0,
3543,200.0,
3544,200.0,
3545,200.0,
3546,200.0,
3547,200.0,
3548,200.0,
3549,200.0,
3550,200.0,
3551,200.0,
3552,200.0,
3553,200.0,
3554,200.0,
3555,200.0,
3556,200.0,
3557,200.0,
3558,200.0,
3559,200.0,
3560,200.0,
3561,200.0,
3562,200.0,
3563,200.0,
3564,200.0,
3565,200.0,
3566,200.0,
3567,200.0,
3568,200.0,
3569,200.0,
3570,200.0,
3571,200.0,
3572,200.0,
3573,200.0,
3574,200.0,
3575,200.0,
3576,200.0,
3577,200.0,
3578,200.0,
3579,200.0,
3580,200.0,
3581,200.0,
3582,200.0,
3583,200.0,
3584,200.0,
3585,200.0,
3586,200.0,
3587,200.0,
3588,200.0,
3589,200.0,
3590,200.0,
3591,200.0,
3592,200.0,
3593,200.0,
3594,200.0,
3595,200.0,
3596,200.0,
3597,200.0,
3598,200.0,
3599,200.0,
3600,200.0,
3601,200.0,
3602,200.0,
3603,200.0,
3604,200.0,
3605,200.0,
3606,200.0,
3607,200.0,
3608,200.0,
3609,200.0,
3610,200.0,
3611,200.0,
3612,200.0,
3613,200.0,
3614,200.0,
3615,200.0,
3616,200.0,
3617,200.0,
3618,200.0,
3619,200.0,
3620,200.0,
3621,200.0,
3622,200.0,
3623,200.0,
3624,200.0,
3625,200.0,
3626,200.0,
3627,200.0,
3628,200.0,
3629,200.0,
3630,200.0,
3631,200.0,
3632,200.0,
3633,200.0,
3634,200.0,
3635,200.0,
3636,200.0,
3637,200.0,
3638,200.0,
3639,200.0,
3640,200.0,
3641,200.0,
3642,200.0,
3643,200.0,
3644,200.0,
3645,200.0,
3646,200.0,
3647,200.0,
3648,200.0,
3649,200.0,
3650,200.0,
3651,200.0,
3652,200.0,
3653,200.0,
3654,200.0,
3655,200.0,
3656,200.0,
3657,200.0,
3658,200.0,
3659,200.0,
3660,200.0,
3661,200.0,
3662,200.0,
3663,200.0,
3664,200.0,
3665,200.0,
3666,200.0,
3667,200.0,
3668,200.0,
3669,200.0,
3670,200.0,
3671,200.0,
3672,200.0,
3673,200.0,
3674,200.0,
3675,200.0,
3676,200.0,
3677,200.0,
3678,200.0,
3679,200.0,
3680,200.0,
3681,200.0,
3682,200.0,
3683,200.0,
3684,200.0,
3685,200.0,
3686,200.0,
3687,200.0,
3688,200.0,
3689,200.0,
3690,200.0,
3691,200.0,
3692,200.0,
3693,200.0,
3694,200.0,
3695,200.0,
3696,200.0,
3697,200.0,
3698,200.0,
3699,200.0,
3700,200.0,
3701,200.0,
3702,200.0,
3703,200.0,
3704,200.0,
3705,200.0,
3706,200.0,
3707,200.0,
3708,200.0,
3709,200.0,
3710,200.0,
3711,200.0,
3712,200.0,
3713,200.0,
3714,200.0,
3715,200.0,
3716,200.0,
3717,200.0,
3718,200.0,
3719,200.0,
3720,200.0,
3721,200.0,
3722,200.0,
3723,200.0,
3724,200.0,
3725,200.0,
3726,200.0,
3727,200.0,
3728,200.0,
3729,200.0,
3730,200.0,
3731,200.0,
3732,200.0,
3733,200.0,
3734,200.0,
3735,200.0,
3736,200.0,
3737,200.0,
3738,200.0,
3739,200.0,
3740,200.0,
3741,200.0,
3742,200.0,
3743,200.0,
3744,200.0,
3745,200.0,
3746,200.0,
3747,200.0,
3748,200.0,
3749,200.0,
3750,200.0,
3751,200.0,
3752,200.0,
3753,200.0,
3754,200.0,
3755,200.0,
3756,200.0,
3757,200.0,
3758,200.0,
3759,200.0,
3760,200.0,
3761,200.0,
3762,200.0,
3763,200.0,
3764,200.0,
3765,200.0,
3766,200.0,
3767,200.0,
3768,200.0,
3769,200.0,
3770,200.0,
3771,200.0,
3772,200.0,
3773,200.0,
3774,200.0,
3775,200.0,
3776,200.0,
3777,200.0,
3778,200.0,
3779,200.0,
3780,200.0,
3781,200.0,
3782,200.0,
3783,200.0,
3784,200.0,
3785,200.0,
3786,200.0,
3787,200.0,
3788,200.0,
3789,200.0,
3790,200.0,
3791,200.0,
3792,200.0,
3793,200.0,
3794,200.0,
3795,200.0,
3796,200.0,
3797,200.0,
3798,200.0,
3799,200.0,
3800,200.0,
3801,200.0,
3802,200.0,
3803,200.0,
3804,200.0,
3805,200.0,
3806,200.0,
3807,200.0,
3808,200.0,
3809,200.0,
3810,200.0,
3811,200.0,
3812,200.0,
3813,200.0,
3814,200.0,
3815,200.0,
3816,200.0,
3817,200.0,
3818,200.0,
3819,200.0,
3820,200.0,
3821,200.0,
3822,200.0,
3823,200.0,
3824,200.0,
3825,200.0,
3826,200.0,
3827,200.0,
3828,200.0,
3829,200.0,
3830,200.0,
3831,200.0,
3832,200.0,
3833,200.0,
3834,200.0,
3835,200.0,
3836,200.0,
3837,200.0,
3838,200.0,
3839,200.0,
3840,200.0,
3841,200.0,
3842,200.0,
3843,200.0,
3844,200.0,
3845,200.0,
3846,200.0,
3847,200.0,
3848,200.0,
3849,200.0,
3850,200.0,
3851,200.0,
3852,200.0,
3853,200.0,
3854,200.0,
3855,200.0,
3856,200.0,
3857,200.0,
3858,200.0,
3859,200.0,
3860,200.0,
3861,200.0,
3862,200.0,
3863,200.0,
3864,200.0,
3865,200.0,
3866,200.0,
3867,200.0,
3868,200.0,
3869,200.0,
3870,200.0,
3871,200.0,
3872,200.0,
3873,200.0,
3874,200.0,
3875,200.0,
3876,200.0,
3877,200.0,
3878,200.0,
3879,200.0,
3880,200.0,
3881,200.0,
3882,200.0,
3883,200.0,
3884,200.0,
3885,200.0,
3886,200.0,
3887,200.0,
3888,200.0,
3889,200.0,
3890,200.0,
3891,200.0,
3892,200.0,
3893,200.0,
3894,200.0,
3895,200.0,
3896,200.0,
3897,200.0,
3898,200.0,
3899,200.0,
3900,200.0,
3901,200.0,
3902,200.0,
3903,200.0,
3904,200.0,
3905,200.0,
3906,200.0,
3907,200.0,
3908,200.0,
3909,200.0,
3910,200.0,
3911,200.0,
3912,200.0,
3913,200.0,
3914,200.0,
3915,200.0,
3916,200.0,
3917,200.0,
3918,200.0,
3919,200.0,
3920,200.0,
3921,200.0,
3922,200.0,
3923,200.0,
3924,200.0,
3925,200.0,
3926,200.0,
3927,200.0,
3928,200.0,
3929,200.0,
3930,200.0,
3931,200.0,
3932,200.0,
3933,200.0,
3934,200.0,
3935,200.0,
3936,200.0,
3937,200.0,
3938,200.0,
3939,200.0,
3940,200.0,
3941,200.0,
3942,200.0,
3943,200.0,
3944,200.0,
3945,200.0,
3946,200.0,
3947,200.0,
3948,200.0,
3949,200.0,
3950,200.0,
3951,200.0,
3952,200.0,
3953,200.0,
3954,200.0,
3955,200.0,
3956,200.0,
3957,200.0,
3958,200.0,
3959,200.0,
3960,200.0,
3961,200.0,
3962,200.0,
3963,200.0,
3964,200.0,
3965,200.0,
3966,200.0,
3967,200.0,
3968,200.0,
3969,200.0,
3970,200.0,
3971,200.0,
3972,200.0,
3973,200.0,
3974,200.0,
3975,200.0,
3976,200.0,
3977,200.0,
3978,200.0,
3979,200.0,
3980,200.0,
3981,200.0,
3982,200.0,
3983,200.0,
3984,200.0,
3985,200.0,
3986,200.0,
3987,200.0,
3988,200.0,
3989,200.0,
3990,200.0,
3991,200.0,
3992,200.0,
3993,200.0,
3994,200.0,
3995,200.0,
3996,200.0,
3997,200.0,
3998,200.0,
3999,200.0,
4000,200.0,
4001,200.0,
4002,200.0,
4003,200.0,
4004,200.0,
4005,200.0,
4006,200.0,
4007,200.0,
4008,200.0,
4009,200.0,
4010,200.0,
4011,200.0,
4012,200.0,
4013,200.0,
4014,200.0,
4015,200.0,
4016,200.0,
4017,200.0,
4018,200.0,
4019,200.0,
4020,200.0,
4021,200.0,
4022,200.0,
4023,200.0,
4024,200.0,
4025,200.0,
4026,200.0,
4027,200.0,
4028,200.0,
4029,200.0,
4030,200.0,
4031,200.0,
4032,200.0,
4033,200.0,
4034,200.0,
4035,200.0,
4036,200.0,
4037,200.0,
4038,200.0,
4039,200.0,
4040,200.0,
4041,200.0,
4042,200.0,
4043,200.0,
4044,200.0,
4045,200.0,
4046,200.0,
4047,200.0,
4048,200.0,
4049,200.0,
4050,200.0,
4051,200.0,
4052,200.0,
4053,200.0,
4054,200.0,
4055,200.0,
4056,200.0,
4057,200.0,
4058,200.0,
4059,200.0,
4060,200.0,
4061,200.0,
4062,200.0,
4063,200.0,
4064,200.0,
4065,200.0,
4066,200.0,
4067,200.0,
4068,200.0,
4069,200.0,
4070,200.0,
4071,200.0,
4072,200.0,
4073,200.0,
4074,200.0,
4075,200.0,
4076,200.0,
4077,200.0,
4078,200.0,
4079,200.0,
4080,200.0,
4081,200.0,
4082,200.0,
4083,200.0,
4084,200.0,
4085,200.0,
4086,200.0,
4087,200.0,
4088,200.0,
4089,200.0,
4090,200.0,
4091,200.0,
4092,200.0,
4093,200.0,
4094,200.0,
4095,200.0,
4096,200.0,
4097,200.0,
4098,200.0,
4099,200.0,
4100,200.0,
4101,200.0,
4102,200.0,
4103,200.0,
4104,200.0,
4105,200.0,
4106,200.0,
4107,200.0,
4108,200.0,
4109,200.0,
4110,200.0,
4111,200.0,
4112,200.0,
4113,200.0,
4114,200.0,
4115,200.0,
4116,200.0,
4117,200.0,
4118,200.0,
4119,200.0,
4120,200.0,
4121,200.0,
4122,200.0,
4123,200.0,
4124,200.0,
4125,200.0,
4126,200.0,
4127,200.0,
4128,200.0,
4129,200.0,
4130,200.0,
4131,200.0,
4132,200.0,
4133,200.0,
4134,200.0,
4135,200.0,
4136,200.0,
4137,200.0,
4138,200.0,
4139,200.0,
4140,200.0,
4141,200.0,
4142,200.0,
4143,200.0,
4144,200.0,
4145,200.0,
4146,200.0,
4147,200.0,
4148,200.0,
4149,200.0,
4150,200.0,
4151,200.0,
4152,200.0,
4153,200.0,
4154,200.0,
4155,200.0,
4156,200.0,
4157,200.0,
4158,200.0,
4159,200.0,
4160,200.0,
4161,200.0,
4162,200.0,
4163,200.0,
4164,200.0,
4165,200.0,
4166,200.0,
4167,200.0,
4168,200.0,
4169,200.0,
4170,200.0,
4171,200.0,
4172,200.0,
4173,200.0,
4174,200.0,
4175,200.0,
4176,200.0,
4177,200.0,
4178,200.0,
4179,200.0,
4180,200.0,
4181,200.0,
4182,200.0,
4183,200.0,
4184,200.0,
4185,200.0,
4186,200.0,
4187,200.0,
4188,200.0,
4189,200.0,
4190,200.0,
4191,200.0,
4192,200.0,
4193,200.0,
4194,200.0,
4195,200.0,
4196,200.0,
4197,200.0,
4198,200.0,
4199,200.0,
4200,200.0,
4201,200.0,
4202,200.0,
4203,200.0,
4204,200.0,
4205,200.0,
4206,200.0,
4207,200.0,
4208,200.0,
4209,200.0,
4210,200.0,
4211,200.0,
4212,200.0,
4213,200.0,
4214,200.0,
4215,200.0,
4216,200.0,
4217,200.0,
4218,200.0,
4219,200.0,
4220,200.0,
4221,200.0,
4222,200.0,
4223,200.0,
4224,200.0,
4225,200.0,
4226,200.0,
4227,200.0,
4228,200.0,
4229,200.0,
4230,200.0,
4231,200.0,
4232,200.0,
4233,200.0,
4234,200.0,
4235,200.0,
4236,200.0,
4237,200.0,
4238,200.0,
4239,200.0,
4240,200.0,
4241,200.0,
4242,200.0,
4243,200.0,
4244,200.0,
4245,200.0,
4246,200.0,
4247,200.0,
4248,200.0,
4249,200.0,
4250,200.0,
4251,200.0,
4252,200.0,
4253,200.0,
4254,200.0,
4255,200.0,
4256,200.0,
4257,200.0,
4258,200.0,
4259,200.0,
4260,200.0,
4261,200.0,
4262,200.0,
4263,200.0,
4264,200.0,
4265,200.0,
4266,200.0,
4267,200.0,
4268,200.0,
4269,200.0,
4270,200.0,
4271,200.0,
4272,200.0,
4273,200.0,
4274,200.0,
4275,200.0,
4276,200.0,
4277,200.0,
4278,200.0,
4279,200.0,
4280,200.0,
4281,200.0,
4282,200.0,
4283,200.0,
4284,200.0,
4285,200.0,
4286,200.0,
4287,200.0,
4288,200.0,
4289,200.0,
4290,200.0,
4291,200.0,
4292,200.0,
4293,200.0,
4294,200.0,
4295,200.0,
4296,200.0,
4297,200.0,
4298,200.0,
4299,200.0,
4300,200.0,
4301,200.0,
4302,200.0,
4303,200.0,
4304,200.0,
4305,200.0,
4306,200.0,
4307,200.0,
4308,200.0,
4309,200.0,
4310,200.0,
4311,200.0,
4312,200.0,
4313,200.0,
4314,200.0,
4315,200.0,
4316,200.0,
4317,200.0,
4318,200.0,
4319,200.0,
4320,200.0,
4321,200.0,
4322,200.0,
4323,200.0,
4324,200.0,
4325,200.0,
4326,200.0,
4327,200.0,
4328,200.0,
4329,200.0,
4330,200.0,
4331,200.0,
4332,200.0,
4333,200.0,
4334,200.0,
4335,200.0,
4336,200.0,
4337,200.0,
4338,200.0,
4339,200.0,
4340,200.0,
4341,200.0,
4342,200.0,
4343,200.0,
4344,200.0,
4345,200.0,
4346,200.0,
4347,200.0,
4348,200.0,
4349,200.0,
4350,200.0,
4351,200.0,
4352,200.0,
4353,200.0,
4354,200.0,
4355,200.0,
4356,200.0,
4357,200.0,
4358,200.0,
4359,200.0,
4360,200.0,
4361,200.0,
4362,200.0,
4363,200.0,
4364,200.0,
4365,200.0,
4366,200.0,
4367,200.0,
4368,200.0,
4369,200.0,
4370,200.0,
4371,200.0,
4372,200.0,
4373,200.0,
4374,200.0,
4375,200.0,
4376,200.0,
4377,200.0,
4378,200.0,
4379,200.0,
4380,200.0,
4381,200.0,
4382,200.0,
4383,200.0,
4384,200.0,
4385,200.0,
4386,200.0,
4387,200.0,
4388,200.0,
4389,163.0,
4390,200.0,
4391,200.0,
4392,200.0,
4393,200.0,
4394,177.0,
4395,168.0,
4396,200.0,
4397,200.0,
4398,172.0,
4399,166.0,
4400,170.0,
4401,162.0,
4402,174.0,
4403,72.0,
4404,72.0,
4405,200.0,
4406,200.0,
4407,176.0,
4408,167.0,
4409,125.0,
4410,200.0,
4411,200.0,
4412,176.0,
4413,75.0,
4414,78.0,
4415,200.0,
4416,74.0,
4417,121.0,
4418,71.0,
4419,169.0,
4420,129.0,
4421,171.0,
4422,200.0,
4423,73.0,
4424,169.0,
4425,70.0,
4426,200.0,
4427,74.0,
4428,173.0,
4429,71.0,
4430,80.0,
4431,75.0,
4432,75.0,
4433,169.0,
4434,171.0,
4435,172.0,
4436,77.0,
4437,116.0,
4438,121.0,
4439,70.0,
4440,78.0,
4441,169.0,
4442,72.0,
4443,200.0,
4444,68.0,
4445,173.0,
4446,172.0,
4447,183.0,
4448,178.0,
4449,67.0,
4450,200.0,
4451,76.0,
4452,175.0,
4453,72.0,
4454,134.0,
4455,71.0,
4456,121.0,
4457,174.0,
4458,75.0,
4459,72.0,
4460,70.0,
4461,75.0,
4462,73.0,
4463,77.0,
4464,177.0,
4465,68.0,
4466,65.0,
4467,76.0,
4468,79.0,
4469,69.0,
4470,130.0,
4471,78.0,
4472,77.0,
4473,76.0,
4474,74.0,
4475,73.0,
4476,68.0,
4477,70.0,
4478,75.0,
4479,68.0,
4480,71.0,
4481,73.0,
4482,70.0,
4483,74.0,
4484,73.0,
4485,200.0,
4486,175.0,
4487,133.0,
4488,73.0,
4489,189.0,
4490,76.0,
4491,67.0,
4492,72.0,
4493,79.0,
4494,69.0,
4495,79.0,
4496,72.0,
4497,179.0,
4498,76.0,
4499,75.0,
4500,79.0,
4501,75.0,
4502,73.0,
4503,70.0,
4504,71.0,
4505,75.0,
4506,76.0,
4507,68.0,
4508,73.0,
4509,77.0,
4510,80.0,
4511,76.0,
4512,74.0,
4513,78.0,
4514,74.0,
4515,77.0,
4516,76.0,
4517,135.0,
4518,78.0,
4519,75.0,
4520,74.0,
4521,72.0,
4522,80.0,
4523,78.0,
4524,72.0,
4525,78.0,
4526,76.0,
4527,179.0,
4528,83.0,
4529,76.0,
4530,84.0,
4531,76.0,
4532,78.0,
4533,75.0,
4534,75.0,
4535,74.0,
4536,76.0,
4537,180.0,
4538,77.0,
4539,132.0,
4540,74.0,
4541,132.0,
4542,71.0,
4543,75.0,
4544,77.0,
4545,83.0,
4546,82.0,
4547,77.0,
4548,76.0,
4549,76.0,
4550,76.0,
4551,81.0,
4552,139.0,
4553,133.0,
4554,77.0,
4555,77.0,
4556,75.0,
4557,195.0,
4558,131.0,
4559,75.0,
4560,78.0,
4561,200.0,
4562,76.0,
4563,81.0,
4564,80.0,
4565,200.0,
4566,73.0,
4567,85.0,
4568,79.0,
4569,81.0,
4570,87.0,
4571,75.0,
4572,190.0,
4573,187.0,
4574,200.0,
4575,189.0,
4576,82.0,
4577,135.0,
4578,82.0,
4579,193.0,
4580,148.0,
4581,83.0,
4582,143.0,
4583,81.0,
4584,81.0,
4585,200.0,
4586,186.0,
4587,200.0,
4588,200.0,
4589,194.0,
4590,200.0,
4591,200.0,
4592,136.0,
4593,200.0,
4594,86.0,
4595,200.0,
4596,200.0,
4597,200.0,
4598,200.0,
4599,200.0,
4600,200.0,
4601,200.0,
4602,200.0,
4603,200.0,
4604,200.0,
4605,200.0,
4606,200.0,
4607,200.0,
4608,200.0,
4609,200.0,
4610,200.0,
4611,200.0,
4612,200.0,
4613,200.0,
4614,200.0,
4615,200.0,
4616,200.0,
4617,200.0,
4618,200.0,
4619,200.0,
4620,200.0,
4621,200.0,
4622,200.0,
4623,200.0,
4624,200.0,
4625,200.0,
4626,200.0,
4627,200.0,
4628,200.0,
4629,200.0,
4630,200.0,
4631,200.0,
4632,200.0,
4633,200.0,
4634,200.0,
4635,200.0,
4636,200.0,
4637,200.0,
4638,200.0,
4639,200.0,
4640,200.0,
4641,200.0,
4642,200.0,
4643,200.0,
4644,200.0,
4645,200.0,
4646,200.0,
4647,200.0,
4648,200.0,
4649,200.0,
4650,200.0,
4651,200.0,
4652,200.0,
4653,200.0,
4654,200.0,
4655,200.0,
4656,200.0,
4657,200.0,
4658,200.0,
4659,200.0,
4660,200.0,
4661,200.0,
4662,200.0,
4663,200.0,
4664,200.0,
4665,200.0,
4666,200.0,
4667,200.0,
4668,200.0,
4669,200.0,
4670,200.0,
4671,200.0,
4672,200.0,
4673,200.0,
4674,200.0,
4675,200.0,
4676,200.0,
4677,200.0,
4678,194.0,
4679,187.0,
4680,195.0,
4681,191.0,
4682,187.0,
4683,184.0,
4684,186.0,
4685,180.0,
4686,177.0,
4687,180.0,
4688,167.0,
4689,173.0,
4690,164.0,
4691,176.0,
4692,20.0,
4693,168.0,
4694,17.0,
4695,20.0,
4696,20.0,
4697,23.0,
4698,156.0,
4699,22.0,
4700,157.0,
4701,163.0,
4702,161.0,
4703,16.0,
4704,162.0,
4705,152.0,
4706,23.0,
4707,157.0,
4708,150.0,
4709,18.0,
4710,149.0,
4711,19.0,
4712,18.0,
4713,16.0,
4714,16.0,
4715,18.0,
4716,20.0,
4717,17.0,
4718,16.0,
4719,19.0,
4720,21.0,
4721,19.0,
4722,158.0,
4723,153.0,
4724,18.0,
4725,21.0,
4726,145.0,
4727,148.0,
4728,14.0,
4729,145.0,
4730,15.0,
4731,149.0,
4732,17.0,
4733,146.0,
4734,141.0,
4735,142.0,
4736,20.0,
4737,146.0,
4738,149.0,
4739,145.0,
4740,18.0,
4741,17.0,
4742,17.0,
4743,18.0,
4744,146.0,
4745,17.0,
4746,17.0,
4747,26.0,
4748,23.0,
4749,140.0,
4750,21.0,
4751,147.0,
4752,18.0,
4753,19.0,
4754,140.0,
4755,20.0,
4756,17.0,
4757,19.0,
4758,138.0,
4759,140.0,
4760,17.0,
4761,19.0,
4762,17.0,
4763,139.0,
4764,17.0,
4765,139.0,
4766,136.0,
4767,147.0,
4768,20.0,
4769,138.0,
4770,19.0,
4771,141.0,
4772,21.0,
4773,144.0,
4774,20.0,
4775,142.0,
4776,135.0,
4777,141.0,
4778,19.0,
4779,18.0,
4780,20.0,
4781,19.0,
4782,18.0,
4783,20.0,
4784,137.0,
4785,137.0,
4786,138.0,
4787,23.0,
4788,18.0,
4789,19.0,
4790,21.0,
4791,136.0,
4792,22.0,
4793,20.0,
4794,139.0,
4795,137.0,
4796,143.0,
4797,141.0,
4798,19.0,
4799,21.0,
4800,24.0,
4801,20.0,
4802,18.0,
4803,22.0,
4804,141.0,
4805,133.0,
4806,18.0,
4807,135.0,
4808,16.0,
4809,136.0,
4810,17.0,
4811,19.0,
4812,21.0,
4813,141.0,
4814,134.0,
4815,22.0,
4816,143.0,
4817,19.0,
4818,20.0,
4819,19.0,
4820,139.0,
4821,18.0,
4822,134.0,
4823,23.0,
4824,142.0,
4825,142.0,
4826,137.0,
4827,21.0,
4828,137.0,
4829,19.0,
4830,139.0,
4831,139.0,
4832,142.0,
4833,140.0,
4834,19.0,
4835,18.0,
4836,18.0,
4837,22.0,
4838,136.0,
4839,141.0,
4840,143.0,
4841,16.0,
4842,15.0,
4843,20.0,
4844,142.0,
4845,22.0,
4846,145.0,
4847,145.0,
4848,23.0,
4849,143.0,
4850,142.0,
4851,139.0,
4852,144.0,
4853,20.0,
4854,139.0,
4855,140.0,
4856,152.0,
4857,25.0,
4858,142.0,
4859,151.0,
4860,140.0,
4861,144.0,
4862,152.0,
4863,153.0,
4864,153.0,
4865,146.0,
4866,148.0,
4867,152.0,
4868,151.0,
4869,161.0,
4870,162.0,
4871,158.0,
4872,153.0,
4873,155.0,
4874,162.0,
4875,161.0,
4876,158.0,
4877,168.0,
4878,166.0,
4879,159.0,
4880,163.0,
4881,174.0,
4882,168.0,
4883,165.0,
4884,168.0,
4885,161.0,
4886,174.0,
4887,172.0,
4888,166.0,
4889,171.0,
4890,168.0,
4891,175.0,
4892,174.0,
4893,167.0,
4894,178.0,
4895,173.0,
4896,173.0,
4897,174.0,
4898,170.0,
4899,176.0,
4900,180.0,
4901,181.0,
4902,176.0,
4903,182.0,
4904,183.0,
4905,179.0,
4906,183.0,
4907,185.0,
4908,175.0,
4909,196.0,
4910,200.0,
4911,188.0,
4912,186.0,
4913,194.0,
4914,200.0,
4915,199.0,
4916,197.0,
4917,194.0,
4918,193.0,
4919,198.0,
4920,200.0,
4921,200.0,
4922,200.0,
4923,200.0,
4924,200.0,
4925,200.0,
4926,200.0,
4927,200.0,
4928,200.0,
4929,200.0,
4930,200.0,
4931,200.0,
4932,200.0,
4933,200.0,
4934,200.0,
4935,200.0,
4936,200.0,
4937,200.0,
4938,200.0,
4939,200.0,
4940,200.0,
4941,200.0,
4942,200.0,
4943,200.0,
4944,200.0,
4945,200.0,
4946,200.0,
4947,200.0,
4948,200.0,
4949,200.0,
4950,200.0,
4951,200.0,
4952,200.0,
4953,200.0,
4954,200.0,
4955,200.0,
4956,200.0,
4957,200.0,
4958,200.0,
4959,200.0,
4960,200.0,
4961,200.0,
4962,200.0,
4963,200.0,
4964,200.0,
4965,200.0,
4966,200.0,
4967,200.0,
4968,200.0,
4969,200.0,
4970,200.0,
4971,200.0,
4972,200.0,
4973,200.0,
4974,200.0,
4975,200.0,
4976,200.0,
4977,200.0,
4978,200.0,
4979,200.0,
4980,200.0,
4981,200.0,
4982,200.0,
4983,200.0,
4984,200.0,
4985,200.0,
4986,200.0,
4987,200.0,
4988,200.0,
4989,200.0,
4990,200.0,
4991,200.0,
4992,200.0,
4993,200.0,
4994,200.0,
4995,200.0,
4996,200.0,
4997,200.0,
4998,200.0,
4999,200.0,
5000,200.0,
