Episodes,Averaged reward
101,22.21
102,21.95
103,22.06
104,21.93
105,21.67
106,21.71
107,21.72
108,21.65
109,21.79
110,21.74
111,21.96
112,22.02
113,21.98
114,21.95
115,22.05
116,22.09
117,22.18
118,22.36
119,22.33
120,22.94
121,23.02
122,23.11
123,23.69
124,23.91
125,23.98
126,23.84
127,23.95
128,23.93
129,24.03
130,23.99
131,24.18
132,24.39
133,24.34
134,24.08
135,24.08
136,23.97
137,24.24
138,24.25
139,23.83
140,24.05
141,24.05
142,23.91
143,23.87
144,23.94
145,23.85
146,23.86
147,23.95
148,23.85
149,23.83
150,23.33
151,23.47
152,23.53
153,23.98
154,23.77
155,23.9
156,24.13
157,24.31
158,24.49
159,24.23
160,24.3
161,24.07
162,24.2
163,24.41
164,24.63
165,24.63
166,24.65
167,24.76
168,24.77
169,24.77
170,24.76
171,24.64
172,24.61
173,24.61
174,24.66
175,24.69
176,24.64
177,24.62
178,24.56
179,24.43
180,24.03
181,24.1
182,24.4
183,24.34
184,24.01
185,23.98
186,23.82
187,23.63
188,23.66
189,23.65
190,23.87
191,24.35
192,24.35
193,24.38
194,24.82
195,25.19
196,25.23
197,25.25
198,25.27
199,25.46
200,25.41
201,25.41
202,25.54
203,25.53
204,25.67
205,25.64
206,25.72
207,25.69
208,25.65
209,25.51
210,25.53
211,25.56
212,25.59
213,25.56
214,25.94
215,26.06
216,26.19
217,26.29
218,26.16
219,26.12
220,25.39
221,25.22
222,25.15
223,24.62
224,24.45
225,24.39
226,24.45
227,24.39
228,24.37
229,24.29
230,24.12
231,23.98
232,23.71
233,23.64
234,23.65
235,23.62
236,23.61
237,23.38
238,23.4
239,23.87
240,23.87
241,23.99
242,23.99
243,23.89
244,23.9
245,23.79
246,23.97
247,24.02
248,24.12
249,24.22
250,24.29
251,24.92
252,25
253,24.52
254,24.49
255,24.51
256,24.19
257,24.03
258,23.94
259,23.94
260,23.63
261,23.88
262,23.92
263,23.76
264,23.86
265,24.23
266,24.53
267,24.68
268,24.64
269,24.62
270,24.48
271,24.38
272,24.37
273,24.74
274,24.67
275,24.65
276,24.86
277,24.95
278,24.98
279,25.15
280,25.13
281,25.06
282,24.99
283,25.12
284,25.15
285,25.26
286,25.37
287,25.62
288,25.66
289,26.33
290,26.4
291,25.92
292,26.02
293,26.03
294,25.65
295,25.3
296,25.19
297,25.19
298,25.17
299,25.02
300,25.06
301,24.99
302,24.81
303,24.85
304,24.72
305,24.9
306,24.73
307,24.74
308,24.64
309,24.72
310,24.85
311,24.69
312,24.73
313,25
314,24.63
315,24.43
316,24.31
317,24.19
318,24.95
319,25.18
320,25.4
321,25.43
322,25.45
323,25.41
324,25.69
325,26.07
326,25.92
327,25.93
328,25.95
329,25.86
330,25.97
331,26.42
332,26.67
333,26.76
334,26.67
335,26.84
336,27.08
337,27.05
338,27.27
339,27.03
340,26.86
341,26.96
342,27.08
343,27.14
344,27.07
345,27.35
346,27.37
347,27.35
348,27.17
349,26.99
350,27.34
351,26.62
352,26.66
353,26.74
354,26.87
355,26.72
356,26.85
357,27.02
358,27.13
359,27.12
360,27.21
361,27
362,26.77
363,26.69
364,26.58
365,26.07
366,25.76
367,25.56
368,25.63
369,25.5
370,25.54
371,25.53
372,25.65
373,25.22
374,25.18
375,25.35
376,25.19
377,25.24
378,25.31
379,25.36
380,25.31
381,25.88
382,25.89
383,25.99
384,25.92
385,26.12
386,25.97
387,25.64
388,25.57
389,25.37
390,25.12
391,25.37
392,25.7
393,26.03
394,26.05
395,26.04
396,26.33
397,26.44
398,27.07
399,26.98
400,26.93
401,27.08
402,27.24
403,27.33
404,27.99
405,27.85
406,27.92
407,27.88
408,28.06
409,28.02
410,28.01
411,28.08
412,27.99
413,27.71
414,27.81
415,27.86
416,27.92
417,27.87
418,27.12
419,27.22
420,27.1
421,27.53
422,27.73
423,27.69
424,27.7
425,27.28
426,27.32
427,27.31
428,27.31
429,27.32
430,27.52
431,27.2
432,27.01
433,26.9
434,27.01
435,27.2
436,27.05
437,27.31
438,27.1
439,27.11
440,27.26
441,27.09
442,27.12
443,27.8
444,28.08
445,27.8
446,27.73
447,27.74
448,27.88
449,28.29
450,27.88
451,27.81
452,27.61
453,27.81
454,28.22
455,28.6
456,29.21
457,29.14
458,29
459,28.94
460,28.86
461,28.87
462,29.27
463,29.41
464,29.43
465,29.53
466,29.48
467,29.76
468,29.78
469,29.98
470,30.43
471,30.52
472,30.47
473,30.69
474,30.95
475,30.79
476,30.79
477,31.15
478,31.54
479,31.51
480,31.85
481,31.3
482,31.29
483,31.3
484,31.36
485,31.04
486,31.25
487,31.77
488,31.7
489,31.42
490,31.33
491,31.13
492,30.95
493,30.62
494,30.76
495,30.78
496,30.64
497,30.57
498,29.98
499,29.79
500,29.79
501,29.58
502,29.59
503,29.87
504,29.21
505,29.28
506,29.61
507,30.12
508,30.37
509,30.35
510,30.22
511,30.24
512,30.54
513,30.55
514,31.02
515,30.98
516,31.11
517,31.31
518,31.27
519,31.35
520,31.62
521,31.58
522,31.74
523,31.77
524,31.38
525,31.38
526,31.48
527,31.49
528,31.46
529,31.85
530,31.55
531,31.65
532,31.58
533,31.8
534,31.77
535,31.63
536,31.66
537,31.67
538,31.64
539,31.78
540,31.58
541,31.67
542,31.5
543,30.87
544,30.92
545,30.99
546,30.99
547,31.04
548,30.96
549,30.74
550,31.14
551,31.28
552,31.59
553,31.56
554,31.02
555,30.81
556,30.24
557,30.14
558,30.53
559,30.81
560,30.83
561,30.83
562,30.71
563,30.86
564,30.85
565,30.81
566,30.94
567,30.78
568,30.82
569,30.87
570,30.77
571,30.83
572,31.06
573,30.94
574,30.97
575,31.11
576,31.36
577,31.17
578,31
579,31.21
580,31.01
581,31.35
582,32.21
583,32.3
584,32.57
585,32.58
586,32.46
587,32.13
588,32.36
589,32.39
590,32.47
591,32.41
592,32.59
593,32.89
594,32.71
595,33.17
596,33.15
597,33.49
598,33.55
599,33.71
600,33.66
601,33.85
602,33.85
603,33.71
604,33.81
605,33.83
606,33.55
607,33.4
608,33.23
609,33.68
610,33.67
611,33.58
612,34.7
613,34.86
614,34.69
615,34.83
616,34.73
617,34.6
618,34.62
619,34.39
620,34.57
621,34.37
622,34.03
623,34.03
624,34.08
625,34.07
626,34.02
627,34.03
628,34.52
629,34.19
630,34.38
631,34.5
632,34.71
633,34.55
634,34.49
635,34.38
636,34.91
637,34.86
638,35.24
639,35.72
640,35.85
641,35.94
642,36.08
643,36.17
644,36.34
645,36.35
646,36.37
647,36.29
648,36.25
649,36.26
650,36.57
651,36.67
652,36.72
653,36.62
654,36.77
655,37.2
656,37.01
657,37.21
658,36.8
659,36.58
660,36.82
661,36.94
662,37.1
663,36.78
664,36.82
665,37.1
666,37.27
667,37.48
668,37.65
669,37.57
670,37.23
671,37.12
672,36.83
673,36.89
674,36.76
675,36.68
676,36.38
677,36.45
678,36.81
679,36.57
680,37.08
681,37.01
682,36.01
683,35.69
684,35.37
685,35.57
686,35.52
687,35.4
688,35.25
689,35.5
690,35.8
691,36.73
692,36.4
693,36.27
694,36.56
695,36.52
696,36.49
697,36.22
698,36.21
699,36.16
700,36.15
701,37.14
702,37.48
703,37.18
704,37.36
705,37.44
706,37.51
707,37.59
708,37.49
709,37.14
710,37.3
711,37.29
712,35.83
713,35.85
714,35.51
715,35.35
716,35.64
717,35.7
718,35.69
719,35.83
720,35.96
721,36.01
722,36.05
723,36.05
724,36.1
725,36.21
726,36.33
727,36.4
728,35.88
729,35.96
730,36.03
731,35.7
732,35.46
733,35.77
734,35.9
735,35.87
736,35.47
737,35.69
738,35.69
739,35.19
740,35.23
741,35.08
742,35.08
743,35.06
744,35.1
745,35.62
746,36.34
747,36.57
748,37.38
749,37.19
750,36.74
751,36.64
752,36.28
753,36.19
754,36.67
755,36.61
756,37.32
757,37.2
758,37.25
759,37.45
760,37.31
761,37.35
762,37.21
763,37.59
764,37.67
765,37.57
766,37.78
767,37.81
768,38.28
769,38.4
770,38.45
771,38.39
772,38.7
773,38.55
774,38.9
775,39.39
776,39.96
777,39.84
778,39.57
779,39.68
780,39.09
781,39.26
782,39.49
783,39.66
784,40.22
785,40.42
786,40.64
787,41.15
788,42.36
789,42.08
790,42.66
791,42.03
792,42.3
793,42.46
794,42.43
795,42.1
796,42.62
797,42.7
798,43
799,43.01
800,43.54
801,42.37
802,42.93
803,43.86
804,43.89
805,44.17
806,44.48
807,44.28
808,44.11
809,44.94
810,45.18
811,45.45
812,46.04
813,45.93
814,46.23
815,46.65
816,46.64
817,46.89
818,48.01
819,48.65
820,48.89
821,48.81
822,49.05
823,49.65
824,49.89
825,50.71
826,50.67
827,50.72
828,51.08
829,51.99
830,52.12
831,52.19
832,53.26
833,53.9
834,53.97
835,54.35
836,54.32
837,54.3
838,54.6
839,55.32
840,55.52
841,55.77
842,56.29
843,56.84
844,57.48
845,57.6
846,57.9
847,57.58
848,56.89
849,58.24
850,58.23
851,59.01
852,60.56
853,60.81
854,61.21
855,60.74
856,60.72
857,61.28
858,61.8
859,62.24
860,62.62
861,62.66
862,62.75
863,62.36
864,62.65
865,63.7
866,64.72
867,64.82
868,65.15
869,65.08
870,65.7
871,66.12
872,66.72
873,68.57
874,68.63
875,68.7
876,69.8
877,70.48
878,71.1
879,71.25
880,73.05
881,73.62
882,74.71
883,75.6
884,76.41
885,76.08
886,76.99
887,76.53
888,76.36
889,77.5
890,77.48
891,77.91
892,77.75
893,79.24
894,80.75
895,81.85
896,81.48
897,83.16
898,84.08
899,85.7
900,86.18
901,86.43
902,86.82
903,87.66
904,88.78
905,89.43
906,90.21
907,91.36
908,92.71
909,92.46
910,92.95
911,93.53
912,94.05
913,95.81
914,97.09
915,98.22
916,99.29
917,100.74
918,101.22
919,101.45
920,101.74
921,103.32
922,104.52
923,105.36
924,106.31
925,106.38
926,107.24
927,108.39
928,109.33
929,109.91
930,110.81
931,112.51
932,112.85
933,113.43
934,114.71
935,114.68
936,115.71
937,116.57
938,117.29
939,117.45
940,118.84
941,120.08
942,120.28
943,121.21
944,121.28
945,122.01
946,122.65
947,123.89
948,125.45
949,125.39
950,126.8
951,127.53
952,127.87
953,128.87
954,129.69
955,131.41
956,132.54
957,133.77
958,134.74
959,135.74
960,136.7
961,137.45
962,138.91
963,140.79
964,141.69
965,141.81
966,142.14
967,143.52
968,143.48
969,145.16
970,145.71
971,146.45
972,147.08
973,147.08
974,148.39
975,149.63
976,149.17
977,150.08
978,150.91
979,152.37
980,152.37
981,153.22
982,152.76
983,153.53
984,154.03
985,155.85
986,156.51
987,158.28
988,158.98
989,159.51
990,160.44
991,161.6
992,163
993,163
994,163.06
995,163.14
996,164.8
997,163.95
998,164.53
999,164.67
1000,165.49
1001,166.58
1002,166.98
1003,167.01
1004,166.14
1005,166.08
1006,165.75
1007,165.47
1008,164.9
1009,165.7
1010,165.62
1011,165.03
1012,165.81
1013,164.56
1014,163.48
1015,162.47
1016,161.61
1017,160.52
1018,159.83
1019,159.41
1020,158.99
1021,158.06
1022,156.98
1023,156.65
1024,156.02
1025,155.77
1026,155.62
1027,155.44
1028,155
1029,154.05
1030,153.94
1031,152.83
1032,152.51
1033,151.74
1034,151.75
1035,152.23
1036,151.66
1037,151
1038,149.93
1039,149.72
1040,148.77
1041,148.04
1042,147.92
1043,147.26
1044,146.84
1045,146.46
1046,145.28
1047,144.92
1048,143.91
1049,143.54
1050,142.57
1051,141.7
1052,140.69
1053,140.26
1054,139.08
1055,138.04
1056,136.74
1057,135.29
1058,134.8
1059,133.52
1060,132.7
1061,132.8
1062,131.78
1063,130.78
1064,130.03
1065,129.41
1066,128.16
1067,127.14
1068,126.71
1069,126.22
1070,126.77
1071,126.5
1072,125.8
1073,124.49
1074,123.63
1075,122.4
1076,122.3
1077,121.66
1078,121.19
1079,120.39
1080,119.51
1081,119.21
1082,119.38
1083,118.53
1084,117.84
1085,117.22
1086,117.08
1087,116.94
1088,115.54
1089,114.53
1090,113.74
1091,113.22
1092,113.23
1093,113.23
1094,112.64
1095,112.82
1096,112.12
1097,112.15
1098,111.61
1099,111.5
1100,111.5
1101,112.02
1102,111.66
1103,111.65
1104,112.97
1105,113.73
1106,114.64
1107,115.38
1108,116.5
1109,116.87
1110,117.94
1111,119.49
1112,119.49
1113,120.76
1114,122.03
1115,123.37
1116,124.6
1117,125.69
1118,126.65
1119,127.74
1120,128.86
1121,129.9
1122,131.32
1123,132.03
1124,133.27
1125,134.41
1126,135.41
1127,136.14
1128,137.17
1129,138.32
1130,138.95
1131,140.08
1132,140.9
1133,141.95
1134,142.32
1135,143.29
1136,144.47
1137,145.69
1138,147.21
1139,148.09
1140,149.17
1141,149.69
1142,150.27
1143,151.12
1144,152.2
1145,153.03
1146,153.74
1147,154.74
1148,155.95
1149,156.19
1150,156.84
1151,157.53
1152,158.06
1153,158.91
1154,159.73
1155,160.35
1156,161.06
1157,161.93
1158,161.98
1159,162.8
1160,163.42
1161,163.41
1162,163.63
1163,163.99
1164,164.53
1165,164.7
1166,165.3
1167,165.67
1168,166.07
1169,165.92
1170,165.25
1171,165.38
1172,165.65
1173,166.21
1174,166.27
1175,166.66
1176,166.8
1177,166.57
1178,166.17
1179,166.26
1180,166.27
1181,165.8
1182,165.78
1183,165.7
1184,165.63
1185,165.35
1186,164.53
1187,163.92
1188,164.48
1189,164.69
1190,164.74
1191,164.45
1192,163.84
1193,162.99
1194,162.9
1195,162.44
1196,162.32
1197,162.26
1198,161.9
1199,161.17
1200,160.31
1201,159.48
1202,158.86
1203,157.94
1204,157.13
1205,156.13
1206,155.22
1207,154.36
1208,153.37
1209,152.53
1210,151.62
1211,150.79
1212,149.85
1213,149.02
1214,147.99
1215,146.98
1216,145.98
1217,144.98
1218,144.12
1219,143.24
1220,142.39
1221,141.48
1222,140.5
1223,139.54
1224,138.52
1225,137.64
1226,136.79
1227,135.94
1228,135.08
1229,133.56
1230,132.62
1231,131.22
1232,130.17
1233,129.29
1234,128.23
1235,127.22
1236,126.19
1237,125.24
1238,124.22
1239,122.83
1240,121.4
1241,120.9
1242,120.36
1243,119.39
1244,118.49
1245,117.48
1246,117.04
1247,116.09
1248,115.18
1249,114.92
1250,114.49
1251,113.94
1252,113.5
1253,112.07
1254,111.44
1255,110.95
1256,110.54
1257,110.23
1258,110.05
1259,109.86
1260,109.56
1261,108.74
1262,108.71
1263,108.42
1264,107.98
1265,108.07
1266,107.86
1267,107.62
1268,107.61
1269,107.37
1270,107.3
1271,107.22
1272,107.08
1273,107.15
1274,106.99
1275,107.06
1276,106.91
1277,106.89
1278,106.89
1279,106.81
1280,106.87
1281,107
1282,107.1
1283,107.29
1284,107.26
1285,107.47
1286,107.59
1287,107.7
1288,107.85
1289,108.65
1290,108.84
1291,109.65
1292,109.84
1293,110.69
1294,110.89
1295,111.7
1296,112.52
1297,113.4
1298,114.3
1299,115.17
1300,116.03
1301,116.86
1302,117.84
1303,118.77
1304,119.58
1305,120.58
1306,121.49
1307,122.35
1308,123.34
1309,124.18
1310,125.09
1311,125.92
1312,126.86
1313,127.69
1314,128.72
1315,129.73
1316,130.73
1317,131.73
1318,132.59
1319,133.47
1320,134.32
1321,135.23
1322,136.21
1323,137.17
1324,138.19
1325,139.07
1326,139.92
1327,140.77
1328,141.63
1329,143.15
1330,144.09
1331,145.49
1332,146.54
1333,147.42
1334,148.48
1335,149.49
1336,150.52
1337,151.47
1338,152.49
1339,153.88
1340,155.31
1341,156.33
1342,157.35
1343,158.32
1344,159.22
1345,160.23
1346,161.21
1347,162.16
1348,163.07
1349,164.02
1350,164.97
1351,165.94
1352,166.86
1353,168.45
1354,169.46
1355,170.42
1356,171.42
1357,172.31
1358,173.19
1359,173.99
1360,174.79
1361,176.33
1362,177.11
1363,178.04
1364,178.96
1365,179.71
1366,180.34
1367,181
1368,181.73
1369,182.45
1370,183.1
1371,183.58
1372,183.99
1373,184.39
1374,185.04
1375,185.39
1376,185.81
1377,186.47
1378,186.93
1379,187.14
1380,187.49
1381,187.53
1382,187.84
1383,188.01
1384,188.27
1385,188.47
1386,188.76
1387,188.85
1388,189.01
1389,188.49
1390,188.53
1391,188.03
1392,188.05
1393,187.39
1394,187.4
1395,186.83
1396,186.13
1397,185.52
1398,184.8
1399,184.25
1400,183.6
1401,182.89
1402,182.1
1403,181.57
1404,180.87
1405,180.07
1406,179.28
1407,178.72
1408,178.02
1409,177.39
1410,176.67
1411,176.05
1412,175.27
1413,174.67
1414,174.1
1415,173.32
1416,172.59
1417,171.85
1418,171.17
1419,170.36
1420,169.69
1421,169.01
1422,168.4
1423,167.6
1424,166.8
1425,166.14
1426,165.44
1427,164.67
1428,163.94
1429,163.24
1430,162.49
1431,161.81
1432,161.01
1433,160.24
1434,159.64
1435,158.79
1436,158.03
1437,157.34
1438,156.66
1439,155.97
1440,155.29
1441,154.6
1442,154
1443,153.34
1444,152.5
1445,151.72
1446,150.99
1447,150.16
1448,149.45
1449,148.79
1450,148.04
1451,147.34
1452,146.75
1453,146.12
1454,145.37
1455,144.57
1456,143.97
1457,143.3
1458,142.69
1459,142.04
1460,141.41
1461,140.8
1462,139.97
1463,139.23
1464,138.38
1465,137.66
1466,137.15
1467,136.71
1468,136.06
1469,135.52
1470,135.08
1471,134.99
1472,134.88
1473,134.38
1474,133.9
1475,133.68
1476,133.28
1477,132.86
1478,132.65
1479,132.56
1480,132.4
1481,132.3
1482,132.07
1483,132
1484,131.85
1485,131.74
1486,131.5
1487,131.31
1488,131.21
1489,131.08
1490,131.16
1491,131.1
1492,131.06
1493,131.3
1494,131.23
1495,131.14
1496,131.38
1497,131.43
1498,131.62
1499,131.71
1500,131.94
1501,131.97
1502,132.08
1503,132.17
1504,132.24
1505,132.42
1506,132.47
1507,132.41
1508,132.41
1509,132.37
1510,132.54
1511,132.74
1512,133
1513,132.99
1514,133.27
1515,133.44
1516,133.68
1517,133.79
1518,133.96
1519,134.28
1520,134.35
1521,134.63
1522,134.73
1523,135.15
1524,135.4
1525,135.78
1526,135.96
1527,136.12
1528,136.23
1529,136.29
1530,136.5
1531,136.51
1532,136.58
1533,136.78
1534,136.97
1535,137.4
1536,137.6
1537,137.82
1538,138.14
1539,138.3
1540,138.27
1541,138.61
1542,138.9
1543,138.94
1544,139.5
1545,140
1546,140.16
1547,140.48
1548,140.43
1549,140.48
1550,140.69
1551,141
1552,141.11
1553,141.4
1554,141.59
1555,142.05
1556,142.17
1557,142.38
1558,142.59
1559,142.72
1560,143.29
1561,143.39
1562,144.15
1563,144.89
1564,145.74
1565,146.55
1566,147.22
1567,147.45
1568,148.17
1569,148.87
1570,149.46
1571,150.03
1572,150.07
1573,150.85
1574,151.64
1575,152.28
1576,152.99
1577,153.64
1578,154.26
1579,154.93
1580,155.55
1581,156.25
1582,156.86
1583,157.5
1584,158.18
1585,158.78
1586,159.57
1587,160.31
1588,160.94
1589,161.59
1590,162.02
1591,162.58
1592,163.27
1593,163.69
1594,164.23
1595,164.89
1596,165.35
1597,165.91
1598,166.44
1599,166.9
1600,167.32
1601,168
1602,168.68
1603,169.12
1604,169.75
1605,170.37
1606,171.11
1607,171.73
1608,172.43
1609,173.1
1610,173.65
1611,174.07
1612,174.59
1613,175.2
1614,175.49
1615,176.1
1616,176.59
1617,177.22
1618,177.73
1619,178.22
1620,178.82
1621,179.22
1622,179.73
1623,180.11
1624,180.66
1625,180.94
1626,181.46
1627,182.07
1628,182.69
1629,183.33
1630,183.87
1631,184.54
1632,185.27
1633,185.84
1634,186.25
1635,186.67
1636,187.23
1637,187.7
1638,188.06
1639,188.59
1640,189.3
1641,189.65
1642,189.96
1643,190.58
1644,190.86
1645,191.14
1646,191.71
1647,192.22
1648,192.98
1649,193.59
1650,194.13
1651,194.52
1652,195
1653,195.34
1654,195.9
1655,196.24
1656,196.72
1657,197.18
1658,197.58
1659,198.1
1660,198.26
1661,198.82
1662,198.94
1663,198.94
1664,198.94
1665,198.97
1666,199.04
1667,199.48
1668,199.48
1669,199.48
1670,199.48
1671,199.48
1672,200
1673,200
1674,200
1675,200
1676,200
1677,200
1678,200
1679,200
1680,200
1681,200
1682,200
1683,200
1684,200
1685,200
1686,200
1687,200
1688,200
1689,200
1690,200
1691,200
1692,200
1693,200
1694,200
1695,200
1696,200
1697,200
1698,200
1699,200
1700,200
1701,200
1702,200
1703,200
1704,200
1705,200
1706,200
1707,200
1708,200
1709,200
1710,200
1711,200
1712,200
1713,200
1714,200
1715,200
1716,200
1717,200
1718,200
1719,200
1720,200
1721,200
1722,200
1723,200
1724,200
1725,200
1726,200
1727,200
1728,200
1729,200
1730,200
1731,200
1732,200
1733,200
1734,200
1735,200
1736,200
1737,200
1738,200
1739,200
1740,200
1741,200
1742,200
1743,200
1744,200
1745,200
1746,200
1747,200
1748,200
1749,200
1750,200
1751,200
1752,200
1753,200
1754,200
1755,200
1756,200
1757,200
1758,200
1759,200
1760,200
1761,200
1762,200
1763,200
1764,200
1765,200
1766,200
1767,200
1768,200
1769,200
1770,200
1771,200
1772,200
1773,200
1774,200
1775,200
1776,200
1777,200
1778,200
1779,200
1780,200
1781,200
1782,200
1783,200
1784,200
1785,200
1786,200
1787,200
1788,200
1789,200
1790,200
1791,200
1792,200
1793,200
1794,200
1795,200
1796,200
1797,200
1798,200
1799,200
1800,200
1801,200
1802,200
1803,200
1804,200
1805,200
1806,200
1807,200
1808,200
1809,200
1810,200
1811,200
1812,200
1813,200
1814,200
1815,200
1816,200
1817,200
1818,200
1819,200
1820,200
1821,200
1822,200
1823,200
1824,200
1825,200
1826,200
1827,200
1828,200
1829,200
1830,200
1831,200
1832,200
1833,200
1834,200
1835,200
1836,200
1837,200
1838,200
1839,200
1840,200
1841,200
1842,200
1843,200
1844,200
1845,200
1846,200
1847,200
1848,200
1849,200
1850,200
1851,200
1852,200
1853,200
1854,200
1855,200
1856,200
1857,200
1858,200
1859,200
1860,200
1861,200
1862,200
1863,200
1864,200
1865,200
1866,200
1867,200
1868,200
1869,200
1870,200
1871,200
1872,200
1873,200
1874,200
1875,200
1876,200
1877,200
1878,200
1879,200
1880,200
1881,200
1882,200
1883,200
1884,200
1885,200
1886,200
1887,200
1888,200
1889,200
1890,200
1891,200
1892,200
1893,200
1894,200
1895,200
1896,200
1897,200
1898,200
1899,200
1900,200
1901,200
1902,200
1903,200
1904,200
1905,200
1906,200
1907,200
1908,200
1909,200
1910,200
1911,200
1912,200
1913,200
1914,200
1915,200
1916,200
1917,200
1918,200
1919,200
1920,200
1921,200
1922,200
1923,200
1924,200
1925,200
1926,200
1927,200
1928,200
1929,200
1930,200
1931,200
1932,200
1933,200
1934,200
1935,200
1936,200
1937,200
1938,200
1939,200
1940,200
1941,200
1942,200
1943,200
1944,200
1945,200
1946,200
1947,200
1948,200
1949,200
1950,200
1951,200
1952,200
1953,200
1954,200
1955,200
1956,200
1957,200
1958,200
1959,200
1960,200
1961,200
1962,200
1963,200
1964,200
1965,200
1966,200
1967,200
1968,200
1969,200
1970,200
1971,200
1972,200
1973,200
1974,200
1975,200
1976,200
1977,200
1978,200
1979,200
1980,200
1981,200
1982,200
1983,200
1984,200
1985,200
1986,200
1987,200
1988,200
1989,200
1990,200
1991,200
1992,200
1993,200
1994,200
1995,200
1996,200
1997,200
1998,200
1999,200
2000,200
2001,200
2002,200
2003,200
2004,200
2005,200
2006,200
2007,200
2008,200
2009,200
2010,200
2011,200
2012,200
2013,200
2014,200
2015,200
2016,200
2017,200
2018,200
2019,200
2020,200
2021,200
2022,200
2023,200
2024,200
2025,200
2026,200
2027,200
2028,200
2029,200
2030,200
2031,200
2032,200
2033,200
2034,200
2035,200
2036,200
2037,200
2038,200
2039,200
2040,200
2041,200
2042,200
2043,200
2044,200
2045,200
2046,200
2047,200
2048,200
2049,200
2050,200
2051,200
2052,200
2053,200
2054,200
2055,200
2056,200
2057,200
2058,200
2059,200
2060,200
2061,200
2062,200
2063,200
2064,200
2065,200
2066,200
2067,200
2068,200
2069,200
2070,200
2071,200
2072,200
2073,200
2074,200
2075,200
2076,200
2077,200
2078,200
2079,200
2080,200
2081,200
2082,200
2083,200
2084,200
2085,200
2086,200
2087,200
2088,200
2089,200
2090,200
2091,200
2092,200
2093,200
2094,200
2095,200
2096,200
2097,200
2098,200
2099,200
2100,200
2101,200
2102,200
2103,200
2104,200
2105,200
2106,200
2107,200
2108,200
2109,200
2110,200
2111,200
2112,200
2113,200
2114,200
2115,200
2116,200
2117,200
2118,200
2119,200
2120,200
2121,200
2122,200
2123,200
2124,200
2125,200
2126,200
2127,200
2128,200
2129,200
2130,200
2131,200
2132,200
2133,200
2134,200
2135,200
2136,200
2137,200
2138,200
2139,200
2140,200
2141,200
2142,200
2143,200
2144,200
2145,200
2146,200
2147,200
2148,200
2149,200
2150,200
2151,200
2152,200
2153,200
2154,200
2155,200
2156,200
2157,200
2158,200
2159,200
2160,200
2161,200
2162,200
2163,200
2164,200
2165,200
2166,200
2167,200
2168,200
2169,200
2170,200
2171,200
2172,200
2173,200
2174,200
2175,200
2176,200
2177,200
2178,200
2179,200
2180,200
2181,200
2182,200
2183,200
2184,200
2185,200
2186,200
2187,200
2188,200
2189,200
2190,200
2191,200
2192,200
2193,200
2194,200
2195,200
2196,200
2197,200
2198,200
2199,200
2200,200
2201,200
2202,200
2203,200
2204,200
2205,200
2206,200
2207,200
2208,200
2209,200
2210,200
2211,200
2212,200
2213,200
2214,200
2215,200
2216,200
2217,200
2218,200
2219,200
2220,200
2221,200
2222,200
2223,200
2224,200
2225,200
2226,200
2227,200
2228,200
2229,200
2230,200
2231,200
2232,200
2233,200
2234,200
2235,200
2236,200
2237,200
2238,200
2239,200
2240,200
2241,200
2242,200
2243,200
2244,200
2245,200
2246,200
2247,200
2248,200
2249,200
2250,200
2251,200
2252,200
2253,200
2254,200
2255,200
2256,200
2257,200
2258,200
2259,200
2260,200
2261,200
2262,200
2263,200
2264,200
2265,200
2266,200
2267,200
2268,200
2269,200
2270,200
2271,200
2272,200
2273,200
2274,200
2275,200
2276,200
2277,200
2278,200
2279,200
2280,200
2281,200
2282,200
2283,200
2284,200
2285,200
2286,200
2287,200
2288,200
2289,200
2290,200
2291,200
2292,200
2293,200
2294,200
2295,200
2296,200
2297,200
2298,200
2299,200
2300,200
2301,200
2302,200
2303,200
2304,200
2305,200
2306,200
2307,200
2308,200
2309,200
2310,200
2311,200
2312,200
2313,200
2314,200
2315,200
2316,200
2317,200
2318,200
2319,200
2320,200
2321,200
2322,200
2323,200
2324,200
2325,200
2326,200
2327,200
2328,200
2329,200
2330,200
2331,200
2332,200
2333,200
2334,200
2335,200
2336,200
2337,200
2338,200
2339,200
2340,200
2341,200
2342,200
2343,200
2344,200
2345,200
2346,200
2347,200
2348,200
2349,200
2350,200
2351,200
2352,200
2353,200
2354,200
2355,200
2356,200
2357,200
2358,200
2359,200
2360,200
2361,200
2362,200
2363,200
2364,200
2365,200
2366,200
2367,200
2368,200
2369,200
2370,200
2371,200
2372,200
2373,200
2374,200
2375,200
2376,200
2377,200
2378,200
2379,200
2380,200
2381,200
2382,200
2383,200
2384,200
2385,200
2386,200
2387,200
2388,200
2389,200
2390,200
2391,200
2392,200
2393,200
2394,200
2395,200
2396,200
2397,200
2398,199.81
2399,199.81
2400,199.81
2401,199.81
2402,199.54
2403,199.54
2404,199.54
2405,199.54
2406,199.54
2407,198.78
2408,198.78
2409,198.61
2410,198.61
2411,198.38
2412,198.38
2413,197.18
2414,195.97
2415,195.81
2416,195.11
2417,195.11
2418,194.88
2419,194.88
2420,194.63
2421,194.63
2422,193.85
2423,193.17
2424,193.17
2425,193.17
2426,192.42
2427,192.42
2428,192.42
2429,192.42
2430,191.18
2431,191.18
2432,191.18
2433,191.18
2434,191.18
2435,191.18
2436,190.97
2437,190.97
2438,189.81
2439,189.81
2440,188.58
2441,188.38
2442,188.38
2443,187.18
2444,186.51
2445,186.51
2446,185.25
2447,185.25
2448,184.08
2449,183.47
2450,182.19
2451,180.93
2452,180.93
2453,179.75
2454,179.75
2455,179.75
2456,179.75
2457,179.75
2458,179.75
2459,179.62
2460,178.49
2461,177.33
2462,176.15
2463,175.04
2464,174.45
2465,173.3
2466,172.16
2467,171.07
2468,171.07
2469,169.92
2470,169.92
2471,168.86
2472,168.86
2473,167.7
2474,166.59
2475,165.54
2476,165.54
2477,165.54
2478,164.38
2479,164.38
2480,163.27
2481,163.27
2482,163.27
2483,162.1
2484,162.1
2485,162.1
2486,160.92
2487,159.79
2488,158.65
2489,158.65
2490,158.65
2491,158.65
2492,158.65
2493,158.65
2494,158.65
2495,158.65
2496,158.65
2497,158.65
2498,157.72
2499,157.72
2500,157.72
2501,155.91
2502,156
2503,154.29
2504,154.29
2505,154.29
2506,154.13
2507,153.05
2508,152.8
2509,152.76
2510,150.93
2511,151.04
2512,150.78
2513,151.73
2514,152.52
2515,152.45
2516,152.84
2517,151.1
2518,150.91
2519,150.57
2520,150.56
2521,150.17
2522,150.6
2523,150.88
2524,150.47
2525,150.06
2526,149.08
2527,148.77
2528,148.33
2529,147.94
2530,148.81
2531,148.34
2532,147.87
2533,147.46
2534,147.02
2535,145.27
2536,143.69
2537,143.28
2538,142.63
2539,142.28
2540,143.06
2541,141.44
2542,141.1
2543,141.98
2544,142.35
2545,140.59
2546,141.51
2547,141.25
2548,142.06
2549,142.37
2550,143.22
2551,144.29
2552,142.49
2553,143.39
2554,141.54
2555,141.31
2556,141.08
2557,140.87
2558,140.73
2559,140.79
2560,141.85
2561,143.01
2562,144.19
2563,145.3
2564,145.85
2565,147
2566,148.04
2567,147.29
2568,147.29
2569,148.44
2570,146.64
2571,147.7
2572,147.7
2573,148.86
2574,149.97
2575,149.24
2576,149.24
2577,149.24
2578,150.4
2579,150.4
2580,151.51
2581,151.51
2582,151.51
2583,152.68
2584,152.68
2585,152.68
2586,153.86
2587,154.99
2588,156.13
2589,154.33
2590,152.46
2591,152.46
2592,150.6
2593,150.6
2594,150.6
2595,150.6
2596,150.6
2597,148.72
2598,149.84
2599,147.96
2600,146.09
2601,147.9
2602,148.08
2603,149.79
2604,149.79
2605,147.96
2606,148.12
2607,149.96
2608,150.21
2609,148.61
2610,148.68
2611,148.8
2612,149.06
2613,149.31
2614,149.73
2615,149.96
2616,150.27
2617,152.01
2618,150.63
2619,150.97
2620,149.47
2621,148.05
2622,148.4
2623,148.8
2624,149.21
2625,149.62
2626,151.35
2627,151.66
2628,152.1
2629,152.49
2630,152.86
2631,153.33
2632,153.8
2633,154.21
2634,154.65
2635,156.4
2636,158.19
2637,158.6
2638,160.41
2639,160.76
2640,161.21
2641,163.03
2642,163.37
2643,163.69
2644,163.99
2645,165.75
2646,166.09
2647,166.35
2648,166.71
2649,166.89
2650,167.28
2651,167.46
2652,169.2
2653,169.32
2654,171.17
2655,171.4
2656,171.63
2657,170.12
2658,170.26
2659,170.33
2660,170.38
2661,168.56
2662,168.49
2663,168.49
2664,168.53
2665,168.44
2666,168.54
2667,170.38
2668,170.38
2669,170.38
2670,172.18
2671,172.18
2672,172.18
2673,172.18
2674,172.18
2675,173.96
2676,173.96
2677,173.96
2678,173.96
2679,173.96
2680,173.96
2681,173.96
2682,173.96
2683,173.96
2684,173.96
2685,173.96
2686,173.96
2687,173.96
2688,173.96
2689,175.76
2690,177.63
2691,177.63
2692,179.49
2693,179.49
2694,179.49
2695,179.49
2696,179.49
2697,181.37
2698,181.37
2699,183.25
2700,185.12
2701,185.12
2702,185.12
2703,185.12
2704,185.12
2705,186.95
2706,186.95
2707,186.95
2708,186.95
2709,188.76
2710,190.52
2711,190.52
2712,190.52
2713,190.52
2714,190.52
2715,190.52
2716,190.52
2717,190.52
2718,192.32
2719,192.32
2720,194.08
2721,195.89
2722,195.89
2723,195.89
2724,195.89
2725,195.89
2726,195.89
2727,195.89
2728,195.89
2729,195.89
2730,195.89
2731,195.89
2732,195.89
2733,195.89
2734,195.89
2735,195.89
2736,195.89
2737,195.89
2738,195.89
2739,195.89
2740,195.89
2741,195.89
2742,195.89
2743,195.89
2744,195.89
2745,195.89
2746,195.89
2747,195.89
2748,195.89
2749,196.01
2750,196.05
2751,196.06
2752,196.12
2753,196.28
2754,196.28
2755,196.28
2756,196.28
2757,198
2758,198
2759,198
2760,198.02
2761,199.84
2762,199.91
2763,199.91
2764,199.91
2765,200
2766,200
2767,200
2768,200
2769,200
2770,200
2771,200
2772,200
2773,200
2774,200
2775,200
2776,200
2777,200
2778,200
2779,200
2780,200
2781,200
2782,200
2783,200
2784,200
2785,200
2786,200
2787,200
2788,200
2789,200
2790,200
2791,200
2792,200
2793,200
2794,200
2795,200
2796,200
2797,200
2798,200
2799,200
2800,200
2801,200
2802,200
2803,200
2804,200
2805,200
2806,200
2807,200
2808,200
2809,200
2810,200
2811,200
2812,200
2813,200
2814,200
2815,200
2816,200
2817,200
2818,200
2819,200
2820,200
2821,200
2822,200
2823,200
2824,200
2825,200
2826,200
2827,200
2828,200
2829,200
2830,200
2831,200
2832,200
2833,200
2834,200
2835,200
2836,200
2837,200
2838,200
2839,200
2840,200
2841,200
2842,200
2843,200
2844,200
2845,200
2846,200
2847,200
2848,200
2849,200
2850,200
2851,200
2852,200
2853,200
2854,200
2855,200
2856,200
2857,200
2858,200
2859,200
2860,200
2861,200
2862,200
2863,200
2864,200
2865,200
2866,200
2867,200
2868,200
2869,200
2870,200
2871,200
2872,200
2873,200
2874,200
2875,200
2876,200
2877,200
2878,200
2879,200
2880,200
2881,200
2882,200
2883,200
2884,200
2885,200
2886,200
2887,200
2888,200
2889,200
2890,200
2891,200
2892,200
2893,200
2894,200
2895,200
2896,200
2897,200
2898,200
2899,200
2900,200
2901,200
2902,200
2903,200
2904,200
2905,200
2906,200
2907,200
2908,200
2909,200
2910,200
2911,200
2912,200
2913,200
2914,200
2915,200
2916,200
2917,200
2918,200
2919,200
2920,200
2921,200
2922,200
2923,200
2924,200
2925,200
2926,200
2927,200
2928,200
2929,200
2930,200
2931,200
2932,200
2933,200
2934,200
2935,200
2936,200
2937,200
2938,200
2939,200
2940,200
2941,200
2942,200
2943,200
2944,200
2945,200
2946,200
2947,200
2948,200
2949,200
2950,200
2951,200
2952,200
2953,200
2954,200
2955,200
2956,200
2957,200
2958,200
2959,200
2960,200
2961,200
2962,200
2963,200
2964,200
2965,200
2966,200
2967,200
2968,200
2969,200
2970,200
2971,200
2972,200
2973,200
2974,200
2975,200
2976,200
2977,200
2978,200
2979,200
2980,200
2981,200
2982,200
2983,200
2984,200
2985,200
2986,200
2987,200
2988,200
2989,200
2990,200
2991,200
2992,200
2993,200
2994,200
2995,200
2996,200
2997,200
2998,200
2999,200
3000,200
3001,200
3002,200
3003,200
3004,200
3005,200
3006,200
3007,200
3008,200
3009,200
3010,200
3011,200
3012,200
3013,200
3014,200
3015,200
3016,200
3017,200
3018,200
3019,200
3020,200
3021,200
3022,200
3023,200
3024,200
3025,200
3026,200
3027,200
3028,200
3029,200
3030,200
3031,200
3032,200
3033,200
3034,200
3035,200
3036,200
3037,200
3038,200
3039,200
3040,200
3041,200
3042,200
3043,200
3044,200
3045,200
3046,200
3047,200
3048,200
3049,200
3050,200
3051,200
3052,200
3053,200
3054,200
3055,200
3056,200
3057,200
3058,200
3059,200
3060,200
3061,200
3062,200
3063,200
3064,200
3065,200
3066,200
3067,200
3068,200
3069,200
3070,200
3071,200
3072,200
3073,200
3074,200
3075,200
3076,200
3077,200
3078,200
3079,200
3080,200
3081,200
3082,200
3083,200
3084,200
3085,200
3086,200
3087,200
3088,200
3089,200
3090,200
3091,200
3092,200
3093,200
3094,200
3095,200
3096,200
3097,200
3098,200
3099,200
3100,200
3101,200
3102,200
3103,200
3104,200
3105,200
3106,200
3107,200
3108,200
3109,200
3110,200
3111,200
3112,200
3113,200
3114,200
3115,200
3116,200
3117,200
3118,200
3119,200
3120,200
3121,200
3122,200
3123,200
3124,200
3125,200
3126,200
3127,200
3128,200
3129,200
3130,200
3131,200
3132,200
3133,200
3134,200
3135,200
3136,200
3137,200
3138,200
3139,200
3140,200
3141,200
3142,200
3143,200
3144,200
3145,200
3146,200
3147,200
3148,200
3149,200
3150,200
3151,200
3152,200
3153,200
3154,200
3155,200
3156,200
3157,200
3158,200
3159,200
3160,200
3161,200
3162,200
3163,200
3164,200
3165,200
3166,200
3167,200
3168,200
3169,200
3170,200
3171,200
3172,200
3173,200
3174,200
3175,200
3176,200
3177,200
3178,200
3179,200
3180,200
3181,200
3182,200
3183,200
3184,200
3185,200
3186,200
3187,200
3188,200
3189,200
3190,200
3191,200
3192,200
3193,200
3194,200
3195,200
3196,200
3197,200
3198,200
3199,200
3200,200
3201,200
3202,200
3203,200
3204,200
3205,200
3206,200
3207,200
3208,200
3209,200
3210,200
3211,200
3212,200
3213,200
3214,200
3215,200
3216,200
3217,200
3218,200
3219,200
3220,200
3221,200
3222,200
3223,200
3224,200
3225,200
3226,200
3227,200
3228,200
3229,200
3230,200
3231,200
3232,200
3233,200
3234,200
3235,200
3236,200
3237,200
3238,200
3239,200
3240,200
3241,200
3242,200
3243,200
3244,200
3245,200
3246,200
3247,200
3248,200
3249,200
3250,200
3251,200
3252,200
3253,200
3254,200
3255,200
3256,200
3257,200
3258,200
3259,200
3260,200
3261,200
3262,200
3263,200
3264,200
3265,200
3266,200
3267,200
3268,200
3269,200
3270,200
3271,200
3272,200
3273,200
3274,200
3275,200
3276,200
3277,200
3278,200
3279,200
3280,200
3281,200
3282,200
3283,200
3284,200
3285,200
3286,200
3287,200
3288,200
3289,200
3290,200
3291,200
3292,200
3293,200
3294,200
3295,200
3296,200
3297,200
3298,200
3299,200
3300,200
3301,200
3302,200
3303,200
3304,200
3305,200
3306,200
3307,200
3308,200
3309,200
3310,200
3311,200
3312,200
3313,200
3314,200
3315,200
3316,200
3317,200
3318,200
3319,200
3320,200
3321,200
3322,200
3323,200
3324,200
3325,200
3326,200
3327,200
3328,200
3329,200
3330,200
3331,200
3332,200
3333,200
3334,200
3335,200
3336,200
3337,200
3338,200
3339,200
3340,200
3341,200
3342,200
3343,200
3344,200
3345,200
3346,200
3347,200
3348,200
3349,200
3350,200
3351,200
3352,200
3353,200
3354,200
3355,200
3356,200
3357,200
3358,200
3359,200
3360,200
3361,200
3362,200
3363,200
3364,200
3365,200
3366,200
3367,200
3368,200
3369,200
3370,200
3371,200
3372,200
3373,200
3374,200
3375,200
3376,200
3377,200
3378,200
3379,200
3380,200
3381,200
3382,200
3383,200
3384,200
3385,200
3386,200
3387,200
3388,200
3389,200
3390,200
3391,200
3392,200
3393,200
3394,200
3395,200
3396,200
3397,200
3398,200
3399,200
3400,200
3401,200
3402,200
3403,200
3404,200
3405,200
3406,200
3407,200
3408,200
3409,200
3410,200
3411,200
3412,200
3413,200
3414,200
3415,200
3416,200
3417,200
3418,200
3419,200
3420,200
3421,200
3422,200
3423,200
3424,200
3425,200
3426,200
3427,200
3428,200
3429,200
3430,200
3431,200
3432,200
3433,200
3434,200
3435,200
3436,200
3437,200
3438,200
3439,200
3440,200
3441,200
3442,200
3443,200
3444,200
3445,200
3446,200
3447,200
3448,200
3449,200
3450,200
3451,200
3452,200
3453,200
3454,200
3455,200
3456,200
3457,200
3458,200
3459,200
3460,200
3461,200
3462,200
3463,200
3464,200
3465,200
3466,200
3467,200
3468,200
3469,200
3470,200
3471,200
3472,200
3473,200
3474,200
3475,200
3476,200
3477,200
3478,200
3479,200
3480,200
3481,200
3482,200
3483,200
3484,200
3485,200
3486,200
3487,200
3488,200
3489,200
3490,200
3491,200
3492,200
3493,200
3494,200
3495,200
3496,200
3497,200
3498,200
3499,200
3500,200
3501,200
3502,200
3503,200
3504,200
3505,200
3506,200
3507,200
3508,200
3509,200
3510,200
3511,200
3512,200
3513,200
3514,200
3515,200
3516,200
3517,200
3518,200
3519,200
3520,200
3521,200
3522,200
3523,200
3524,200
3525,200
3526,200
3527,200
3528,200
3529,200
3530,200
3531,200
3532,200
3533,200
3534,200
3535,200
3536,200
3537,200
3538,200
3539,200
3540,200
3541,200
3542,200
3543,200
3544,200
3545,200
3546,200
3547,200
3548,200
3549,200
3550,200
3551,200
3552,200
3553,200
3554,200
3555,200
3556,200
3557,200
3558,200
3559,200
3560,200
3561,200
3562,200
3563,200
3564,200
3565,200
3566,200
3567,200
3568,200
3569,200
3570,200
3571,200
3572,200
3573,200
3574,200
3575,200
3576,200
3577,200
3578,200
3579,200
3580,200
3581,200
3582,200
3583,200
3584,200
3585,200
3586,200
3587,200
3588,200
3589,200
3590,200
3591,200
3592,200
3593,200
3594,200
3595,200
3596,200
3597,200
3598,200
3599,200
3600,200
3601,200
3602,200
3603,200
3604,200
3605,200
3606,200
3607,200
3608,200
3609,200
3610,200
3611,200
3612,200
3613,200
3614,200
3615,200
3616,200
3617,200
3618,200
3619,200
3620,200
3621,200
3622,200
3623,200
3624,200
3625,200
3626,200
3627,200
3628,200
3629,200
3630,200
3631,200
3632,200
3633,200
3634,200
3635,200
3636,200
3637,200
3638,200
3639,200
3640,200
3641,200
3642,200
3643,200
3644,200
3645,200
3646,200
3647,200
3648,200
3649,200
3650,200
3651,200
3652,200
3653,200
3654,200
3655,200
3656,200
3657,200
3658,200
3659,200
3660,200
3661,200
3662,200
3663,200
3664,200
3665,200
3666,200
3667,200
3668,200
3669,200
3670,200
3671,200
3672,200
3673,200
3674,200
3675,200
3676,200
3677,200
3678,200
3679,200
3680,200
3681,200
3682,200
3683,200
3684,200
3685,200
3686,200
3687,200
3688,200
3689,200
3690,200
3691,200
3692,200
3693,200
3694,200
3695,200
3696,200
3697,200
3698,200
3699,200
3700,200
3701,200
3702,200
3703,200
3704,200
3705,200
3706,200
3707,200
3708,200
3709,200
3710,200
3711,200
3712,200
3713,200
3714,200
3715,200
3716,200
3717,200
3718,200
3719,200
3720,200
3721,200
3722,200
3723,200
3724,200
3725,200
3726,200
3727,200
3728,200
3729,200
3730,200
3731,200
3732,200
3733,200
3734,200
3735,200
3736,200
3737,200
3738,200
3739,200
3740,200
3741,200
3742,200
3743,200
3744,200
3745,200
3746,200
3747,200
3748,200
3749,200
3750,200
3751,200
3752,200
3753,200
3754,200
3755,200
3756,200
3757,200
3758,200
3759,200
3760,200
3761,200
3762,200
3763,200
3764,200
3765,200
3766,200
3767,200
3768,200
3769,200
3770,200
3771,200
3772,200
3773,200
3774,200
3775,200
3776,200
3777,200
3778,200
3779,200
3780,200
3781,200
3782,200
3783,200
3784,200
3785,200
3786,200
3787,200
3788,200
3789,200
3790,200
3791,200
3792,200
3793,200
3794,200
3795,200
3796,200
3797,200
3798,200
3799,200
3800,200
3801,200
3802,200
3803,200
3804,200
3805,200
3806,200
3807,200
3808,200
3809,200
3810,200
3811,200
3812,200
3813,200
3814,200
3815,200
3816,200
3817,200
3818,200
3819,200
3820,200
3821,200
3822,200
3823,200
3824,200
3825,200
3826,200
3827,200
3828,200
3829,200
3830,200
3831,200
3832,200
3833,200
3834,200
3835,200
3836,200
3837,200
3838,200
3839,200
3840,200
3841,200
3842,200
3843,200
3844,200
3845,200
3846,200
3847,200
3848,200
3849,200
3850,200
3851,200
3852,200
3853,200
3854,200
3855,200
3856,200
3857,200
3858,200
3859,200
3860,200
3861,200
3862,200
3863,200
3864,200
3865,200
3866,200
3867,200
3868,200
3869,200
3870,200
3871,200
3872,200
3873,200
3874,200
3875,200
3876,200
3877,200
3878,200
3879,200
3880,200
3881,200
3882,200
3883,200
3884,200
3885,200
3886,200
3887,200
3888,200
3889,200
3890,200
3891,200
3892,200
3893,200
3894,200
3895,200
3896,200
3897,200
3898,200
3899,200
3900,200
3901,200
3902,200
3903,200
3904,200
3905,200
3906,200
3907,200
3908,200
3909,200
3910,200
3911,200
3912,200
3913,200
3914,200
3915,200
3916,200
3917,200
3918,200
3919,200
3920,200
3921,200
3922,200
3923,200
3924,200
3925,200
3926,200
3927,200
3928,200
3929,200
3930,200
3931,200
3932,200
3933,200
3934,200
3935,200
3936,200
3937,200
3938,200
3939,200
3940,200
3941,200
3942,200
3943,200
3944,200
3945,200
3946,200
3947,200
3948,200
3949,200
3950,200
3951,200
3952,200
3953,200
3954,200
3955,200
3956,200
3957,200
3958,200
3959,200
3960,200
3961,200
3962,200
3963,200
3964,200
3965,200
3966,200
3967,200
3968,200
3969,200
3970,200
3971,200
3972,200
3973,200
3974,200
3975,200
3976,200
3977,200
3978,200
3979,200
3980,200
3981,200
3982,200
3983,200
3984,200
3985,200
3986,200
3987,200
3988,200
3989,200
3990,200
3991,200
3992,200
3993,200
3994,200
3995,200
3996,200
3997,200
3998,200
3999,200
4000,200
4001,200
4002,200
4003,200
4004,200
4005,200
4006,200
4007,200
4008,200
4009,200
4010,200
4011,200
4012,200
4013,200
4014,200
4015,200
4016,200
4017,200
4018,200
4019,200
4020,200
4021,200
4022,200
4023,200
4024,200
4025,200
4026,200
4027,200
4028,200
4029,200
4030,200
4031,200
4032,200
4033,200
4034,200
4035,200
4036,200
4037,200
4038,200
4039,200
4040,200
4041,200
4042,200
4043,200
4044,200
4045,200
4046,200
4047,200
4048,200
4049,200
4050,200
4051,200
4052,200
4053,200
4054,200
4055,200
4056,200
4057,200
4058,200
4059,200
4060,200
4061,200
4062,200
4063,200
4064,200
4065,200
4066,200
4067,200
4068,200
4069,200
4070,200
4071,200
4072,200
4073,200
4074,200
4075,200
4076,200
4077,200
4078,200
4079,200
4080,200
4081,200
4082,200
4083,200
4084,200
4085,200
4086,200
4087,200
4088,200
4089,200
4090,200
4091,200
4092,200
4093,200
4094,200
4095,200
4096,200
4097,200
4098,200
4099,200
4100,200
4101,200
4102,200
4103,200
4104,200
4105,200
4106,200
4107,200
4108,200
4109,200
4110,200
4111,200
4112,200
4113,200
4114,200
4115,200
4116,200
4117,200
4118,200
4119,200
4120,200
4121,200
4122,200
4123,200
4124,200
4125,200
4126,200
4127,200
4128,200
4129,200
4130,200
4131,200
4132,200
4133,200
4134,200
4135,200
4136,200
4137,200
4138,200
4139,200
4140,200
4141,200
4142,200
4143,200
4144,200
4145,200
4146,200
4147,200
4148,200
4149,200
4150,200
4151,200
4152,200
4153,200
4154,200
4155,200
4156,200
4157,200
4158,200
4159,200
4160,200
4161,200
4162,200
4163,200
4164,200
4165,200
4166,200
4167,200
4168,200
4169,200
4170,200
4171,200
4172,200
4173,200
4174,200
4175,200
4176,200
4177,200
4178,200
4179,200
4180,200
4181,200
4182,200
4183,200
4184,200
4185,200
4186,200
4187,200
4188,200
4189,200
4190,200
4191,200
4192,200
4193,200
4194,200
4195,200
4196,200
4197,200
4198,200
4199,200
4200,200
4201,200
4202,200
4203,200
4204,200
4205,200
4206,200
4207,200
4208,200
4209,200
4210,200
4211,200
4212,200
4213,200
4214,200
4215,200
4216,200
4217,200
4218,200
4219,200
4220,200
4221,200
4222,200
4223,200
4224,200
4225,200
4226,200
4227,200
4228,200
4229,200
4230,200
4231,200
4232,200
4233,200
4234,200
4235,200
4236,200
4237,200
4238,200
4239,200
4240,200
4241,200
4242,200
4243,200
4244,200
4245,200
4246,200
4247,200
4248,200
4249,200
4250,200
4251,200
4252,200
4253,200
4254,200
4255,200
4256,200
4257,200
4258,200
4259,200
4260,200
4261,200
4262,200
4263,200
4264,200
4265,200
4266,200
4267,200
4268,200
4269,200
4270,200
4271,200
4272,200
4273,200
4274,200
4275,200
4276,200
4277,200
4278,200
4279,200
4280,200
4281,200
4282,200
4283,200
4284,200
4285,200
4286,200
4287,200
4288,200
4289,200
4290,200
4291,200
4292,200
4293,200
4294,200
4295,200
4296,200
4297,200
4298,200
4299,200
4300,200
4301,200
4302,200
4303,200
4304,200
4305,200
4306,200
4307,200
4308,200
4309,200
4310,200
4311,200
4312,200
4313,200
4314,200
4315,200
4316,200
4317,200
4318,200
4319,200
4320,200
4321,200
4322,200
4323,200
4324,200
4325,200
4326,200
4327,200
4328,200
4329,200
4330,200
4331,200
4332,200
4333,200
4334,200
4335,200
4336,200
4337,200
4338,200
4339,200
4340,200
4341,200
4342,200
4343,200
4344,200
4345,200
4346,200
4347,200
4348,200
4349,200
4350,200
4351,200
4352,200
4353,200
4354,200
4355,200
4356,200
4357,200
4358,200
4359,200
4360,200
4361,200
4362,200
4363,200
4364,200
4365,200
4366,200
4367,200
4368,200
4369,200
4370,200
4371,200
4372,200
4373,200
4374,200
4375,200
4376,200
4377,200
4378,200
4379,200
4380,200
4381,200
4382,200
4383,200
4384,200
4385,200
4386,200
4387,200
4388,200
4389,200
4390,199.63
4391,199.63
4392,199.63
4393,199.63
4394,199.63
4395,199.4
4396,199.08
4397,199.08
4398,199.08
4399,198.8
4400,198.46
4401,198.16
4402,197.78
4403,197.52
4404,196.24
4405,194.96
4406,194.96
4407,194.96
4408,194.72
4409,194.39
4410,193.64
4411,193.64
4412,193.64
4413,193.4
4414,192.15
4415,190.93
4416,190.93
4417,189.67
4418,188.88
4419,187.59
4420,187.28
4421,186.57
4422,186.28
4423,186.28
4424,185.01
4425,184.7
4426,183.4
4427,183.4
4428,182.14
4429,181.87
4430,180.58
4431,179.38
4432,178.13
4433,176.88
4434,176.57
4435,176.28
4436,176
4437,174.77
4438,173.93
4439,173.14
4440,171.84
4441,170.62
4442,170.31
4443,169.03
4444,169.03
4445,167.71
4446,167.44
4447,167.16
4448,166.99
4449,166.77
4450,165.44
4451,165.44
4452,164.2
4453,163.95
4454,162.67
4455,162.01
4456,160.72
4457,159.93
4458,159.67
4459,158.42
4460,157.14
4461,155.84
4462,154.59
4463,153.32
4464,152.09
4465,151.86
4466,150.54
4467,149.19
4468,147.95
4469,146.74
4470,145.43
4471,144.73
4472,143.51
4473,142.28
4474,141.04
4475,139.78
4476,138.51
4477,137.19
4478,135.89
4479,134.64
4480,133.32
4481,132.03
4482,130.76
4483,129.46
4484,128.2
4485,126.93
4486,126.93
4487,126.68
4488,126.01
4489,124.74
4490,125
4491,123.76
4492,122.43
4493,121.15
4494,119.94
4495,118.86
4496,117.97
4497,116.69
4498,116.48
4499,115.52
4500,114.61
4501,113.7
4502,112.83
4503,111.82
4504,111.8
4505,111.79
4506,110.54
4507,109.3
4508,108.22
4509,107.28
4510,106.8
4511,105.6
4512,104.36
4513,103.34
4514,103.37
4515,103.33
4516,102.1
4517,102.12
4518,102.26
4519,102.33
4520,101.39
4521,100.84
4522,99.85
4523,98.65
4524,98.7
4525,97.73
4526,97.81
4527,96.57
4528,97.62
4529,96.72
4530,96.77
4531,96.81
4532,96.82
4533,96.85
4534,95.91
4535,94.95
4536,93.97
4537,93.96
4538,94.6
4539,94.16
4540,94.78
4541,94.74
4542,94.37
4543,94.36
4544,93.11
4545,93.2
4546,92.3
4547,91.4
4548,90.34
4549,89.32
4550,89.41
4551,88.17
4552,88.22
4553,87.86
4554,88.47
4555,87.9
4556,87.96
4557,87.5
4558,87.71
4559,88.27
4560,88.3
4561,88.38
4562,89.63
4563,89.66
4564,89.7
4565,88.73
4566,90.05
4567,90.13
4568,90.22
4569,90.22
4570,90.34
4571,89.91
4572,89.88
4573,91.01
4574,92.12
4575,93.38
4576,94.54
4577,94.68
4578,95.33
4579,95.4
4580,96.65
4581,97.42
4582,97.52
4583,98.25
4584,98.32
4585,98.4
4586,98.4
4587,98.51
4588,99.18
4589,100.45
4590,100.5
4591,101.74
4592,103.07
4593,103.71
4594,104.92
4595,105.09
4596,106.3
4597,107.58
4598,107.79
4599,109.03
4600,110.28
4601,111.49
4602,112.74
4603,114.01
4604,115.31
4605,116.6
4606,117.85
4607,119.09
4608,120.41
4609,121.68
4610,122.91
4611,124.11
4612,125.35
4613,126.61
4614,127.83
4615,129.09
4616,130.32
4617,131.56
4618,132.21
4619,133.43
4620,134.68
4621,135.94
4622,137.22
4623,138.42
4624,139.64
4625,140.92
4626,142.14
4627,143.38
4628,143.59
4629,144.76
4630,146
4631,147.16
4632,148.4
4633,149.62
4634,150.87
4635,152.12
4636,153.38
4637,154.62
4638,154.82
4639,156.05
4640,156.73
4641,157.99
4642,158.67
4643,159.96
4644,161.21
4645,162.44
4646,163.61
4647,164.79
4648,166.02
4649,167.26
4650,168.5
4651,169.74
4652,170.93
4653,171.54
4654,172.21
4655,173.44
4656,174.67
4657,175.92
4658,175.97
4659,176.66
4660,177.91
4661,179.13
4662,179.13
4663,180.37
4664,181.56
4665,182.76
4666,182.76
4667,184.03
4668,185.18
4669,186.39
4670,187.58
4671,188.71
4672,189.96
4673,190.06
4674,190.19
4675,190.19
4676,190.3
4677,191.48
4678,192.13
4679,193.25
4680,193.19
4681,193.66
4682,194.74
4683,195.18
4684,196.21
4685,197.26
4686,197.06
4687,196.97
4688,196.77
4689,196.44
4690,196.23
4691,195.87
4692,195.63
4693,194.47
4694,194.15
4695,193.46
4696,191.66
4697,189.86
4698,188.09
4699,187.65
4700,185.87
4701,185.44
4702,185.07
4703,184.68
4704,182.84
4705,182.46
4706,181.98
4707,180.21
4708,179.78
4709,179.28
4710,177.46
4711,176.95
4712,175.14
4713,173.32
4714,171.48
4715,169.64
4716,167.82
4717,166.02
4718,164.19
4719,162.35
4720,160.54
4721,158.75
4722,156.94
4723,156.52
4724,156.05
4725,154.23
4726,152.44
4727,151.89
4728,151.37
4729,149.51
4730,148.96
4731,147.11
4732,146.6
4733,144.77
4734,144.23
4735,143.64
4736,143.06
4737,141.26
4738,140.72
4739,140.21
4740,139.66
4741,137.84
4742,136.01
4743,134.18
4744,132.36
4745,131.82
4746,129.99
4747,128.16
4748,126.42
4749,124.65
4750,124.05
4751,122.26
4752,121.73
4753,119.91
4754,118.1
4755,117.5
4756,115.7
4757,113.87
4758,112.06
4759,111.44
4760,110.84
4761,109.01
4762,107.2
4763,105.37
4764,104.76
4765,102.93
4766,102.32
4767,101.68
4768,101.15
4769,99.35
4770,98.73
4771,96.92
4772,96.33
4773,94.54
4774,93.98
4775,92.18
4776,91.6
4777,90.95
4778,90.36
4779,88.61
4780,86.92
4781,85.17
4782,83.45
4783,81.76
4784,80.12
4785,79.63
4786,79.2
4787,78.81
4788,77.24
4789,75.75
4790,74.21
4791,72.78
4792,72.38
4793,72.4
4794,70.92
4795,72.14
4796,73.31
4797,74.54
4798,75.72
4799,74.35
4800,74.34
4801,73.01
4802,71.58
4803,70.15
4804,70.21
4805,70
4806,69.81
4807,69.76
4808,69.54
4809,68.2
4810,69.38
4811,68.06
4812,68.06
4813,68.09
4814,69.34
4815,70.52
4816,70.56
4817,71.79
4818,71.81
4819,71.85
4820,71.85
4821,73.03
4822,73.02
4823,72.78
4824,71.48
4825,72.72
4826,73.93
4827,73.85
4828,72.58
4829,73.81
4830,72.55
4831,73.79
4832,73.69
4833,74.94
4834,74.88
4835,73.66
4836,72.42
4837,72.4
4838,71.16
4839,71.03
4840,70.99
4841,72.24
4842,72.23
4843,72.21
4844,72.23
4845,72.19
4846,72.24
4847,73.52
4848,74.71
4849,74.71
4850,74.74
4851,75.95
4852,75.87
4853,77.13
4854,77.14
4855,77.13
4856,78.33
4857,79.68
4858,79.74
4859,79.78
4860,79.89
4861,81.12
4862,82.37
4863,83.72
4864,83.86
4865,85.22
4866,85.29
4867,85.41
4868,85.46
4869,86.77
4870,87
4871,88.43
4872,88.6
4873,89.92
4874,90.03
4875,91.45
4876,91.64
4877,91.87
4878,92.14
4879,93.61
4880,95.02
4881,96.45
4882,98
4883,99.5
4884,100.95
4885,101.26
4886,101.5
4887,101.86
4888,103.35
4889,104.83
4890,106.35
4891,107.82
4892,108.21
4893,109.73
4894,111.2
4895,111.59
4896,111.95
4897,112.25
4898,112.58
4899,114.09
4900,115.64
4901,117.2
4902,118.81
4903,120.39
4904,121.99
4905,122.41
4906,122.87
4907,124.52
4908,125.02
4909,126.61
4910,127.21
4911,129.04
4912,130.73
4913,132.38
4914,132.91
4915,133.57
4916,135.34
4917,135.88
4918,137.63
4919,139.36
4920,141.15
4921,141.76
4922,143.58
4923,144.24
4924,146.01
4925,146.59
4926,147.17
4927,147.8
4928,149.59
4929,150.22
4930,152.03
4931,152.64
4932,153.25
4933,153.83
4934,154.43
4935,156.24
4936,158.06
4937,159.88
4938,161.66
4939,162.3
4940,162.89
4941,163.46
4942,165.3
4943,167.15
4944,168.95
4945,169.53
4946,171.31
4947,171.86
4948,172.41
4949,174.18
4950,174.75
4951,175.33
4952,175.94
4953,176.5
4954,178.3
4955,178.91
4956,179.51
4957,179.99
4958,181.74
4959,182.32
4960,182.81
4961,183.41
4962,183.97
4963,184.45
4964,184.92
4965,185.39
4966,185.93
4967,186.45
4968,186.93
4969,187.42
4970,187.81
4971,188.19
4972,188.61
4973,189.08
4974,189.53
4975,189.91
4976,190.3
4977,190.72
4978,191.04
4979,191.38
4980,191.79
4981,192.16
4982,192.42
4983,192.74
4984,193.09
4985,193.41
4986,193.8
4987,194.06
4988,194.34
4989,194.68
4990,194.97
4991,195.29
4992,195.54
4993,195.8
4994,196.13
4995,196.35
4996,196.62
4997,196.89
4998,197.15
4999,197.45
5000,197.69
