Episodes,Reward 1,Reward 2,mean,top,bottom
1,19,10,14.5,20.8639610307,8.1360389693
2,13,23,18,25.0710678119,10.9289321881
3,44,11,27.5,50.8345237792,4.1654762208
4,10,17,13.5,18.4497474683,8.5502525317
5,15,39,27,43.9705627485,10.0294372515
6,21,65,43,74.1126983722,11.8873016278
7,21,14,17.5,22.4497474683,12.5502525317
8,70,12,41,82.0121933088,-0.0121933088
9,9,13,11,13.8284271247,8.1715728753
10,11,25,18,27.8994949366,8.1005050634
11,15,27,21,29.4852813742,12.5147186258
12,18,10,14,19.6568542495,8.3431457505
13,15,43,29,48.7989898732,9.2010101268
14,11,39,25,44.7989898732,5.2010101268
15,16,14,15,16.4142135624,13.5857864376
16,25,33,29,34.6568542495,23.3431457505
17,34,16,25,37.7279220614,12.2720779386
18,12,19,15.5,20.4497474683,10.5502525317
19,34,28,31,35.2426406871,26.7573593129
20,10,29,19.5,32.9350288425,6.0649711575
21,12,29,20.5,32.5208152802,8.4791847198
22,20,19,19.5,20.2071067812,18.7928932188
23,16,12,14,16.8284271247,11.1715728753
24,16,9,12.5,17.4497474683,7.5502525317
25,11,11,11,11,11
26,11,11,11,11,11
27,12,17,14.5,18.0355339059,10.9644660941
28,22,23,22.5,23.2071067812,21.7928932188
29,21,14,17.5,22.4497474683,12.5502525317
30,22,14,18,23.6568542495,12.3431457505
31,12,15,13.5,15.6213203436,11.3786796564
32,11,38,24.5,43.591883092,5.408116908
33,31,14,22.5,34.5208152802,10.4791847198
34,34,17,25.5,37.5208152802,13.4791847198
35,17,26,21.5,27.8639610307,15.1360389693
36,17,20,18.5,20.6213203436,16.3786796564
37,37,46,41.5,47.8639610307,35.1360389693
38,14,17,15.5,17.6213203436,13.3786796564
39,16,16,16,16,16
40,19,43,31,47.9705627485,14.0294372515
41,16,18,17,18.4142135624,15.5857864376
42,17,34,25.5,37.5208152802,13.4791847198
43,30,9,19.5,34.3492424049,4.6507575951
44,14,19,16.5,20.0355339059,12.9644660941
45,22,11,16.5,24.2781745931,8.7218254069
46,22,88,55,101.6690475583,8.3309524417
47,16,49,32.5,55.8345237792,9.1654762208
48,18,9,13.5,19.8639610307,7.1360389693
49,12,9,10.5,12.6213203436,8.3786796564
50,18,12,15,19.2426406871,10.7573593129
51,11,10,10.5,11.2071067812,9.7928932188
52,21,13,17,22.6568542495,11.3431457505
53,38,61,49.5,65.7634559673,33.2365440327
54,14,72,43,84.0121933088,1.9878066912
55,18,32,25,34.8994949366,15.1005050634
56,22,19,20.5,22.6213203436,18.3786796564
57,17,35,26,38.7279220614,13.2720779386
58,13,29,21,32.313708499,9.686291501
59,14,18,16,18.8284271247,13.1715728753
60,35,46,40.5,48.2781745931,32.7218254069
61,20,10,15,22.0710678119,7.9289321881
62,28,21,24.5,29.4497474683,19.5502525317
63,11,39,25,44.7989898732,5.2010101268
64,13,27,20,29.8994949366,10.1005050634
65,18,33,25.5,36.1066017178,14.8933982822
66,16,42,29,47.3847763109,10.6152236891
67,21,24,22.5,24.6213203436,20.3786796564
68,15,31,23,34.313708499,11.686291501
69,13,26,19.5,28.6923881554,10.3076118446
70,28,25,26.5,28.6213203436,24.3786796564
71,16,27,21.5,29.2781745931,13.7218254069
72,13,52,32.5,60.0771644663,4.9228355337
73,16,28,22,30.4852813742,13.5147186258
74,11,11,11,11,11
75,14,26,20,28.4852813742,11.5147186258
76,21,11,16,23.0710678119,8.9289321881
77,17,29,23,31.4852813742,14.5147186258
78,32,46,39,48.8994949366,29.1005050634
79,34,30,32,34.8284271247,29.1715728753
80,15,38,26.5,42.7634559673,10.2365440327
81,16,38,27,42.5563491861,11.4436508139
82,14,20,17,21.2426406871,12.7573593129
83,23,45,34,49.5563491861,18.4436508139
84,12,43,27.5,49.4203102168,5.5796897832
85,33,38,35.5,39.0355339059,31.9644660941
86,13,18,15.5,19.0355339059,11.9644660941
87,15,11,13,15.8284271247,10.1715728753
88,29,27,28,29.4142135624,26.5857864376
89,11,38,24.5,43.591883092,5.408116908
90,17,12,14.5,18.0355339059,10.9644660941
91,13,40,26.5,45.591883092,7.408116908
92,14,38,26,42.9705627485,9.0294372515
93,20,22,21,22.4142135624,19.5857864376
94,18,15,16.5,18.6213203436,14.3786796564
95,25,52,38.5,57.591883092,19.408116908
96,20,29,24.5,30.8639610307,18.1360389693
97,18,48,33,54.2132034356,11.7867965644
98,11,13,12,13.4142135624,10.5857864376
99,16,64,40,73.941125497,6.058874503
100,29,29,29,29,29
101,12,64,38,74.7695526217,1.2304473783
102,17,9,13,18.6568542495,7.3431457505
103,25,16,20.5,26.8639610307,14.1360389693
104,11,19,15,20.6568542495,9.3431457505
105,38,20,29,41.7279220614,16.2720779386
106,20,57,38.5,64.6629509039,12.3370490961
107,20,22,21,22.4142135624,19.5857864376
108,44,13,28.5,50.4203102168,6.5796897832
109,52,28,40,56.9705627485,23.0294372515
110,23,51,37,56.7989898732,17.2010101268
111,16,36,26,40.1421356237,11.8578643763
112,17,41,29,45.9705627485,12.0294372515
113,25,12,18.5,27.6923881554,9.3076118446
114,9,17,13,18.6568542495,7.3431457505
115,10,77,43.5,90.8761543395,-3.8761543395
116,29,17,23,31.4852813742,14.5147186258
117,12,70,41,82.0121933088,-0.0121933088
118,42,8,25,49.0416305603,0.9583694397
119,11,22,16.5,24.2781745931,8.7218254069
120,15,24,19.5,25.8639610307,13.1360389693
121,16,29,22.5,31.6923881554,13.3076118446
122,20,18,19,20.4142135624,17.5857864376
123,12,11,11.5,12.2071067812,10.7928932188
124,9,14,11.5,15.0355339059,7.9644660941
125,12,16,14,16.8284271247,11.1715728753
126,16,14,15,16.4142135624,13.5857864376
127,22,116,69,135.4680374315,2.5319625685
128,11,43,27,49.627416998,4.372583002
129,18,28,23,30.0710678119,15.9289321881
130,41,17,29,45.9705627485,12.0294372515
131,20,57,38.5,64.6629509039,12.3370490961
132,29,18,23.5,31.2781745931,15.7218254069
133,26,42,34,45.313708499,22.686291501
134,10,18,14,19.6568542495,8.3431457505
135,13,27,20,29.8994949366,10.1005050634
136,17,14,15.5,17.6213203436,13.3786796564
137,18,48,33,54.2132034356,11.7867965644
138,17,17,17,17,17
139,24,30,27,31.2426406871,22.7573593129
140,17,27,22,29.0710678119,14.9289321881
141,38,55,46.5,58.5208152802,34.4791847198
142,16,52,34,59.4558441227,8.5441558773
143,11,82,46.5,96.7045814642,-3.7045814642
144,23,24,23.5,24.2071067812,22.7928932188
145,11,26,18.5,29.1066017178,7.8933982822
146,22,27,24.5,28.0355339059,20.9644660941
147,12,35,23.5,39.7634559673,7.2365440327
148,20,50,35,56.2132034356,13.7867965644
149,30,41,35.5,43.2781745931,27.7218254069
150,18,147,82.5,173.7167747731,-8.7167747731
151,10,61,35.5,71.5624458405,-0.5624458405
152,19,24,21.5,25.0355339059,17.9644660941
153,12,151,81.5,179.7878425849,-16.7878425849
154,18,40,29,44.5563491861,13.4436508139
155,15,28,21.5,30.6923881554,12.3076118446
156,13,25,19,27.4852813742,10.5147186258
157,10,24,17,26.8994949366,7.1005050634
158,55,58,56.5,58.6213203436,54.3786796564
159,13,40,26.5,45.591883092,7.408116908
160,27,23,25,27.8284271247,22.1715728753
161,10,25,17.5,28.1066017178,6.8933982822
162,15,56,35.5,64.4913780286,6.5086219714
163,30,85,57.5,96.3908729653,18.6091270347
164,9,27,18,30.7279220614,5.2720779386
165,12,18,15,19.2426406871,10.7573593129
166,20,27,23.5,28.4497474683,18.5502525317
167,18,66,42,75.941125497,8.058874503
168,14,44,29,50.2132034356,7.7867965644
169,65,72,68.5,73.4497474683,63.5502525317
170,9,20,14.5,22.2781745931,6.7218254069
171,23,25,24,25.4142135624,22.5857864376
172,16,19,17.5,19.6213203436,15.3786796564
173,15,12,13.5,15.6213203436,11.3786796564
174,26,114,70,132.2253967444,7.7746032556
175,12,53,32.5,61.4913780286,3.5086219714
176,21,33,27,35.4852813742,18.5147186258
177,11,14,12.5,14.6213203436,10.3786796564
178,27,68,47.5,76.4913780286,18.5086219714
179,28,24,26,28.8284271247,23.1715728753
180,14,33,23.5,36.9350288425,10.0649711575
181,66,47,56.5,69.9350288425,43.0649711575
182,18,56,37,63.8700576851,10.1299423149
183,23,73,48,83.3553390593,12.6446609407
184,23,19,21,23.8284271247,18.1715728753
185,14,27,20.5,29.6923881554,11.3076118446
186,50,41,45.5,51.8639610307,39.1360389693
187,18,33,25.5,36.1066017178,14.8933982822
188,17,104,60.5,122.0182899632,-1.0182899632
189,33,53,43,57.1421356237,28.8578643763
190,18,28,23,30.0710678119,15.9289321881
191,21,38,29.5,41.5208152802,17.4791847198
192,15,30,22.5,33.1066017178,11.8933982822
193,11,22,16.5,24.2781745931,8.7218254069
194,28,13,20.5,31.1066017178,9.8933982822
195,25,42,33.5,45.5208152802,21.4791847198
196,41,24,32.5,44.5208152802,20.4791847198
197,16,33,24.5,36.5208152802,12.4791847198
198,11,16,13.5,17.0355339059,9.9644660941
199,18,19,18.5,19.2071067812,17.7928932188
200,13,31,22,34.7279220614,9.2720779386
201,26,71,48.5,80.3198051534,16.6801948466
202,52,35,43.5,55.5208152802,31.4791847198
203,18,22,20,22.8284271247,17.1715728753
204,24,29,26.5,30.0355339059,22.9644660941
205,18,88,53,102.4974746831,3.5025253169
206,17,130,73.5,153.4030662741,-6.4030662741
207,11,13,12,13.4142135624,10.5857864376
208,29,31,30,31.4142135624,28.5857864376
209,39,67,53,72.7989898732,33.2010101268
210,21,25,23,25.8284271247,20.1715728753
211,21,79,50,91.0121933088,8.9878066912
212,42,44,43,44.4142135624,41.5857864376
213,11,32,21.5,36.3492424049,6.6507575951
214,16,29,22.5,31.6923881554,13.3076118446
215,14,25,19.5,27.2781745931,11.7218254069
216,16,30,23,32.8994949366,13.1005050634
217,17,33,25,36.313708499,13.686291501
218,26,75,50.5,85.1482322781,15.8517677219
219,23,48,35.5,53.1776695297,17.8223304703
220,15,35,25,39.1421356237,10.8578643763
221,59,41,50,62.7279220614,37.2720779386
222,11,78,44.5,91.8761543395,-2.8761543395
223,18,102,60,119.3969696197,0.6030303803
224,23,73,48,83.3553390593,12.6446609407
225,13,39,26,44.3847763109,7.6152236891
226,119,25,72,138.4680374315,5.5319625685
227,20,66,43,75.5269119346,10.4730880654
228,13,14,13.5,14.2071067812,12.7928932188
229,14,48,31,55.0416305603,6.9583694397
230,17,58,37.5,66.4913780286,8.5086219714
231,13,98,55.5,115.6040764009,-4.6040764009
232,13,123,68,145.7817459305,-9.7817459305
233,17,133,75,157.0243866176,-7.0243866176
234,17,113,65,132.8822509939,-2.8822509939
235,20,41,30.5,45.3492424049,15.6507575951
236,16,84,50,98.0832611207,1.9167388793
237,26,95,60.5,109.2903679019,11.7096320981
238,14,144,79,170.9238815543,-12.9238815543
239,25,22,23.5,25.6213203436,21.3786796564
240,12,39,25.5,44.591883092,6.408116908
241,15,16,15.5,16.2071067812,14.7928932188
242,14,14,14,14,14
243,13,174,93.5,207.344191771,-20.344191771
244,17,56,36.5,64.0771644663,8.9228355337
245,21,75,48,86.1837661841,9.8162338159
246,100,103,101.5,103.6213203436,99.3786796564
247,14,99,56.5,116.6040764009,-3.6040764009
248,16,101,58.5,118.6040764009,-1.6040764009
249,20,104,62,121.3969696197,2.6030303803
250,19,78,48.5,90.21930009,6.78069991
251,14,21,17.5,22.4497474683,12.5502525317
252,38,200,119,233.5512985522,4.4487014478
253,12,65,38.5,75.9766594029,1.0233405971
254,12,195,103.5,232.9005409571,-25.9005409571
255,19,54,36.5,61.2487373415,11.7512626585
256,30,118,74,136.2253967444,11.7746032556
257,29,157,93,183.5096679919,2.4903320081
258,15,57,36,65.6984848098,6.3015151902
259,13,49,31,56.4558441227,5.5441558773
260,24,19,21.5,25.0355339059,17.9644660941
261,42,50,46,51.6568542495,40.3431457505
262,12,75,43.5,88.0477272148,-1.0477272148
263,10,61,35.5,71.5624458405,-0.5624458405
264,11,149,80,177.5807358037,-17.5807358037
265,15,95,55,111.5685424949,-1.5685424949
266,26,145,85.5,169.6457069612,1.3542930388
267,10,164,87,195.8944443027,-21.8944443027
268,19,23,21,23.8284271247,18.1715728753
269,23,57,40,64.0416305603,15.9583694397
270,25,78,51.5,88.9766594029,14.0233405971
271,18,47,32.5,53.0060966544,11.9939033456
272,13,59,36,68.5269119346,3.4730880654
273,23,105,64,121.9827560573,6.0172439427
274,15,104,59.5,122.4325035256,-3.4325035256
275,32,102,67,116.4974746831,17.5025253169
276,31,22,26.5,32.8639610307,20.1360389693
277,15,100,57.5,117.6040764009,-2.6040764009
278,25,76,50.5,86.5624458405,14.4375541595
279,12,133,72.5,158.0599205236,-13.0599205236
280,10,130,70,154.8528137424,-14.8528137424
281,32,127,79.5,146.6751442127,12.3248557873
282,35,108,71.5,123.1187950266,19.8812049734
283,16,136,76,160.8528137424,-8.8528137424
284,26,55,40.5,61.0060966544,19.9939033456
285,22,30,26,31.6568542495,20.3431457505
286,29,145,87,169.0243866176,4.9756133824
287,19,151,85,178.3380951166,-8.3380951166
288,31,86,58.5,97.3908729653,19.6091270347
289,11,154,82.5,183.6162697097,-18.6162697097
290,13,46,29.5,52.8345237792,6.1654762208
291,13,122,67.5,144.5746391493,-9.5746391493
292,27,67,47,75.2842712475,18.7157287525
293,18,172,95,203.8944443027,-13.8944443027
294,56,53,54.5,56.6213203436,52.3786796564
295,14,137,75.5,162.4741340859,-11.4741340859
296,65,165,115,185.7106781187,44.2893218813
297,13,28,20.5,31.1066017178,9.8933982822
298,11,148,79.5,176.3736290226,-17.3736290226
299,10,200,105,239.3502884254,-29.3502884254
300,28,63,45.5,70.2487373415,20.7512626585
301,15,118,66.5,139.3319984622,-6.3319984622
302,12,120,66,142.3675323681,-10.3675323681
303,12,55,33.5,63.905591591,3.094408409
304,21,130,75.5,152.5746391493,-1.5746391493
305,13,78,45.5,91.4619407771,-0.4619407771
306,15,123,69,145.3675323681,-7.3675323681
307,23,162,92.5,190.7878425849,-5.7878425849
308,18,169,93.5,200.2731239592,-13.2731239592
309,46,149,97.5,170.3319984622,24.6680015378
310,13,200,106.5,238.7289680819,-25.7289680819
311,52,184,118,211.3380951166,24.6619048834
312,37,56,46.5,59.9350288425,33.0649711575
313,25,167,96,196.4091629285,-4.4091629285
314,29,142,85.5,165.4030662741,5.5969337259
315,13,200,106.5,238.7289680819,-25.7289680819
316,31,187,109,219.3086578651,-1.3086578651
317,10,130,70,154.8528137424,-14.8528137424
318,24,146,85,171.2670273048,-1.2670273048
319,42,189,115.5,219.4446968344,11.5553031656
320,27,135,81,157.3675323681,4.6324676319
321,25,115,70,133.6396103068,6.3603896932
322,14,134,74,158.8528137424,-10.8528137424
323,26,176,101,207.066017178,-5.066017178
324,10,200,105,239.3502884254,-29.3502884254
325,40,200,120,233.1370849898,6.8629150102
326,20,178,99,210.7228714275,-12.7228714275
327,19,156,87.5,184.3736290226,-9.3736290226
328,19,139,79,163.8528137424,-5.8528137424
329,34,127,80.5,146.2609306503,14.7390693497
330,10,148,79,176.5807358037,-18.5807358037
331,14,28,21,30.8994949366,11.1005050634
332,21,134,77.5,157.4030662741,-2.4030662741
333,13,121,67,143.3675323681,-9.3675323681
334,15,128,71.5,151.4030662741,-8.4030662741
335,38,116,77,132.1543289326,21.8456710674
336,18,28,23,30.0710678119,15.9289321881
337,24,166,95,195.4091629285,-5.4091629285
338,50,132,91,148.9827560573,33.0172439427
339,24,111,67.5,129.0182899632,5.9817100368
340,57,89,73,95.627416998,50.372583002
341,10,183,96.5,218.8294731453,-25.8294731453
342,10,144,77,171.752308679,-17.752308679
343,14,68,41,79.1837661841,2.8162338159
344,46,116,81,130.4974746831,31.5025253169
345,15,61,38,70.5269119346,5.4730880654
346,14,200,107,238.5218613007,-24.5218613007
347,16,120,68,141.5391052434,-5.5391052434
348,14,147,80.5,174.5452018978,-13.5452018978
349,17,146,81.5,172.7167747731,-9.7167747731
350,33,144,88.5,166.9888527117,10.0111472883
351,64,112,88,121.941125497,54.058874503
352,66,110,88,119.1126983722,56.8873016278
353,23,149,86,175.0954544295,-3.0954544295
354,18,115,66.5,135.0893577751,-2.0893577751
355,19,159,89,187.9949493661,-9.9949493661
356,11,200,105.5,239.1431816443,-28.1431816443
357,30,170,100,198.9949493661,1.0050506339
358,19,189,104,224.2081528017,-16.2081528017
359,46,73,59.5,78.591883092,40.408116908
360,17,200,108.5,237.9005409571,-20.9005409571
361,14,58,36,67.1126983722,4.8873016278
362,11,138,74.5,164.3025612107,-15.3025612107
363,16,179,97.5,212.7584053334,-17.7584053334
364,38,200,119,233.5512985522,4.4487014478
365,26,36,31,38.0710678119,23.9289321881
366,22,194,108,229.6223663641,-13.6223663641
367,32,145,88.5,168.4030662741,8.5969337259
368,28,179,103.5,210.2731239592,-3.2731239592
369,23,197,110,233.0365799265,-13.0365799265
370,25,133,79,155.3675323681,2.6324676319
371,24,125,74.5,145.9177848998,3.0822151002
372,20,137,78.5,161.2314933988,-4.2314933988
373,15,151,83,179.1665222414,-13.1665222414
374,17,114,65.5,134.0893577751,-3.0893577751
375,16,146,81,172.9238815543,-10.9238815543
376,18,153,85.5,180.9594154602,-9.9594154602
377,57,174,115.5,198.2314933988,32.7685066012
378,9,158,83.5,188.8589103968,-21.8589103968
379,57,200,128.5,229.6162697097,27.3837302903
380,44,200,122,232.3086578651,11.6913421349
381,40,189,114.5,219.8589103968,9.1410896032
382,13,124,68.5,146.9888527117,-9.9888527117
383,36,200,118,233.9655121146,2.0344878854
384,19,200,109.5,237.4863273948,-18.4863273948
385,14,141,77.5,167.3025612107,-12.3025612107
386,16,200,108,238.1076477383,-22.1076477383
387,25,157,91,184.3380951166,-2.3380951166
388,15,177,96,210.5512985522,-18.5512985522
389,21,200,110.5,237.0721138324,-16.0721138324
390,16,200,108,238.1076477383,-22.1076477383
391,17,139,78,164.2670273048,-8.2670273048
392,74,124,99,134.3553390593,63.6446609407
393,31,192,111.5,225.344191771,-2.344191771
394,9,200,104.5,239.5573952066,-30.5573952066
395,15,200,107.5,238.3147545195,-23.3147545195
396,19,200,109.5,237.4863273948,-18.4863273948
397,14,200,107,238.5218613007,-24.5218613007
398,12,200,106,238.9360748631,-26.9360748631
399,18,200,109,237.693434176,-19.693434176
400,35,200,117.5,234.1726188958,0.8273811042
401,65,200,132.5,227.9594154602,37.0405845398
402,34,200,117,234.379725677,-0.379725677
403,79,200,139.5,225.0599205236,53.9400794764
404,18,200,109,237.693434176,-19.693434176
405,11,200,105.5,239.1431816443,-28.1431816443
406,44,200,122,232.3086578651,11.6913421349
407,15,200,107.5,238.3147545195,-23.3147545195
408,18,200,109,237.693434176,-19.693434176
409,17,200,108.5,237.9005409571,-20.9005409571
410,48,200,124,231.4802307404,16.5197692596
411,27,175,101,205.6518036156,-3.6518036156
412,12,114,63,135.124891681,-9.124891681
413,36,200,118,233.9655121146,2.0344878854
414,18,200,109,237.693434176,-19.693434176
415,31,200,115.5,235.0010460205,-4.0010460205
416,15,200,107.5,238.3147545195,-23.3147545195
417,10,200,105,239.3502884254,-29.3502884254
418,18,200,109,237.693434176,-19.693434176
419,18,200,109,237.693434176,-19.693434176
420,55,110,82.5,121.3908729653,43.6091270347
421,23,183,103,216.1370849898,-10.1370849898
422,8,200,104,239.7645019878,-31.7645019878
423,9,200,104.5,239.5573952066,-30.5573952066
424,30,198,114,232.7939392393,-4.7939392393
425,35,148,91.5,171.4030662741,11.5969337259
426,12,200,106,238.9360748631,-26.9360748631
427,21,200,110.5,237.0721138324,-16.0721138324
428,14,200,107,238.5218613007,-24.5218613007
429,17,181,99,214.9655121146,-16.9655121146
430,34,200,117,234.379725677,-0.379725677
431,35,200,117.5,234.1726188958,0.8273811042
432,36,200,118,233.9655121146,2.0344878854
433,19,128,73.5,150.5746391493,-3.5746391493
434,19,200,109.5,237.4863273948,-18.4863273948
435,19,200,109.5,237.4863273948,-18.4863273948
436,12,200,106,238.9360748631,-26.9360748631
437,16,188,102,223.6223663641,-19.6223663641
438,44,83,63.5,91.0771644663,35.9228355337
439,18,200,109,237.693434176,-19.693434176
440,14,200,107,238.5218613007,-24.5218613007
441,24,200,112,236.4507934888,-12.4507934888
442,28,184,106,216.3086578651,-4.3086578651
443,55,134,94.5,150.3614357137,38.6385642863
444,20,200,110,237.2792206136,-17.2792206136
445,29,200,114.5,235.4152595829,-6.4152595829
446,19,200,109.5,237.4863273948,-18.4863273948
447,13,175,94,208.5512985522,-20.5512985522
448,29,200,114.5,235.4152595829,-6.4152595829
449,20,171,95.5,202.2731239592,-11.2731239592
450,21,200,110.5,237.0721138324,-16.0721138324
451,29,192,110.5,225.7584053334,-4.7584053334
452,29,200,114.5,235.4152595829,-6.4152595829
453,22,123,72.5,143.9177848998,1.0822151002
454,14,200,107,238.5218613007,-24.5218613007
455,27,27,27,27,27
456,28,200,114,235.6223663641,-7.6223663641
457,17,200,108.5,237.9005409571,-20.9005409571
458,23,200,111.5,236.65790027,-13.65790027
459,15,200,107.5,238.3147545195,-23.3147545195
460,35,180,107.5,210.0304832721,4.969516728
461,12,200,106,238.9360748631,-26.9360748631
462,43,200,121.5,232.5157646463,10.4842353537
463,23,200,111.5,236.65790027,-13.65790027
464,14,200,107,238.5218613007,-24.5218613007
465,45,200,122.5,232.1015510839,12.8984489161
466,17,200,108.5,237.9005409571,-20.9005409571
467,12,170,91,202.7228714275,-20.7228714275
468,17,200,108.5,237.9005409571,-20.9005409571
469,23,163,93,191.9949493661,-5.9949493661
470,37,200,118.5,233.7584053334,3.2415946666
471,14,190,102,226.4507934888,-22.4507934888
472,37,200,118.5,233.7584053334,3.2415946666
473,16,181,98.5,215.1726188958,-18.1726188958
474,33,200,116.5,234.5868324582,-1.5868324582
475,23,125,74,146.124891681,1.875108319
476,27,200,113.5,235.8294731453,-8.8294731453
477,24,121,72.5,141.0893577751,3.9106422249
478,32,200,116,234.7939392393,-2.7939392393
479,14,156,85,185.4091629285,-15.4091629285
480,24,200,112,236.4507934888,-12.4507934888
481,25,200,112.5,236.2436867076,-11.2436867076
482,12,200,106,238.9360748631,-26.9360748631
483,20,198,109,234.8650070512,-16.8650070512
484,15,200,107.5,238.3147545195,-23.3147545195
485,23,200,111.5,236.65790027,-13.65790027
486,23,128,75.5,149.7462120246,1.2537879754
487,13,200,106.5,238.7289680819,-25.7289680819
488,30,200,115,235.2081528017,-5.2081528017
489,39,200,119.5,233.344191771,5.655808229
490,21,200,110.5,237.0721138324,-16.0721138324
491,20,200,110,237.2792206136,-17.2792206136
492,27,200,113.5,235.8294731453,-8.8294731453
493,17,28,22.5,30.2781745931,14.7218254069
494,13,152,82.5,180.7878425849,-15.7878425849
495,16,200,108,238.1076477383,-22.1076477383
496,50,48,49,50.4142135624,47.5857864376
497,31,158,94.5,184.3025612107,4.6974387893
498,22,200,111,236.8650070512,-14.8650070512
499,14,200,107,238.5218613007,-24.5218613007
500,24,68,46,77.1126983722,14.8873016278
501,20,200,110,237.2792206136,-17.2792206136
502,36,158,97,183.2670273048,10.7329726952
503,22,200,111,236.8650070512,-14.8650070512
504,37,200,118.5,233.7584053334,3.2415946666
505,27,200,113.5,235.8294731453,-8.8294731453
506,23,37,30,39.8994949366,20.1005050634
507,20,121,70.5,141.9177848998,-0.9177848998
508,28,178,103,209.066017178,-3.066017178
509,38,37,37.5,38.2071067812,36.7928932188
510,69,33,51,76.4558441227,25.5441558773
511,37,200,118.5,233.7584053334,3.2415946666
512,14,113,63.5,133.5035713375,-6.5035713375
513,21,200,110.5,237.0721138324,-16.0721138324
514,30,196,113,230.379725677,-4.379725677
515,18,135,76.5,159.2314933988,-6.2314933988
516,9,155,82,185.2375900532,-21.2375900532
517,12,33,22.5,37.3492424049,7.6507575951
518,11,140,75.5,166.7167747731,-15.7167747731
519,34,117,75.5,134.1898628385,16.8101371615
520,61,151,106,169.6396103068,42.3603896932
521,12,154,83,183.4091629285,-17.4091629285
522,30,146,88,170.0243866176,5.9756133824
523,28,127,77.5,147.5035713375,7.4964286625
524,18,116,67,136.2964645563,-2.2964645563
525,17,145,81,171.5096679919,-9.5096679919
526,19,118,68.5,138.5035713375,-1.5035713375
527,11,141,76,167.9238815543,-15.9238815543
528,23,120,71.5,140.0893577751,2.9106422249
529,13,41,27,46.7989898732,7.2010101268
530,12,46,29,53.0416305603,4.9583694397
531,15,14,14.5,15.2071067812,13.7928932188
532,20,143,81.5,168.4741340859,-5.4741340859
533,13,25,19,27.4852813742,10.5147186258
534,20,150,85,176.9238815543,-6.9238815543
535,28,65,46.5,72.6629509039,20.3370490961
536,115,45,80,129.4974746831,30.5025253169
537,24,135,79.5,157.9888527117,1.0111472883
538,17,115,66,135.2964645563,-3.2964645563
539,25,63,44,70.8700576851,17.1299423149
540,45,124,84.5,140.3614357137,28.6385642863
541,15,125,70,147.7817459305,-7.7817459305
542,18,35,26.5,38.5208152802,14.4791847198
543,39,109,74,123.4974746831,24.5025253169
544,30,33,31.5,33.6213203436,29.3786796564
545,15,22,18.5,23.4497474683,13.5502525317
546,31,103,67,117.9116882454,16.0883117546
547,12,116,64,137.5391052434,-9.5391052434
548,30,105,67.5,120.533008589,14.466991411
549,22,119,70.5,139.0893577751,1.9106422249
550,54,53,53.5,54.2071067812,52.7928932188
551,41,116,78.5,131.533008589,25.466991411
552,22,117,69.5,136.6751442127,2.3248557873
553,11,22,16.5,24.2781745931,8.7218254069
554,19,55,37,62.4558441227,11.5441558773
555,34,104,69,118.4974746831,19.5025253169
556,103,105,104,105.4142135624,102.5857864376
557,18,111,64.5,130.2609306503,-1.2609306503
558,14,98,56,115.3969696197,-3.3969696197
559,28,30,29,30.4142135624,27.5857864376
560,14,15,14.5,15.2071067812,13.7928932188
561,32,40,36,41.6568542495,30.3431457505
562,30,42,36,44.4852813742,27.5147186258
563,32,113,72.5,129.7756492761,15.2243507239
564,15,48,31.5,54.8345237792,8.1654762208
565,58,15,36.5,66.905591591,6.094408409
566,10,117,63.5,139.160425587,-12.160425587
567,22,49,35.5,54.591883092,16.408116908
568,23,31,27,32.6568542495,21.3431457505
569,30,110,70,126.5685424949,13.4314575051
570,34,33,33.5,34.2071067812,32.7928932188
571,20,111,65.5,129.846717088,1.153282912
572,19,109,64,127.6396103068,0.3603896932
573,32,27,29.5,33.0355339059,25.9644660941
574,32,44,38,46.4852813742,29.5147186258
575,20,114,67,133.4680374315,0.5319625685
576,52,116,84,129.2548339959,38.7451660041
577,32,18,25,34.8994949366,15.1005050634
578,26,42,34,45.313708499,22.686291501
579,19,44,31.5,49.1776695297,13.8223304703
580,44,38,41,45.2426406871,36.7573593129
581,11,101,56,119.6396103068,-7.6396103068
582,14,58,36,67.1126983722,4.8873016278
583,23,51,37,56.7989898732,17.2010101268
584,31,32,31.5,32.2071067812,30.7928932188
585,22,21,21.5,22.2071067812,20.7928932188
586,64,91,77.5,96.591883092,58.408116908
587,25,35,30,37.0710678119,22.9289321881
588,75,112,93.5,119.6629509039,67.3370490961
589,20,89,54.5,103.2903679019,5.7096320981
590,39,46,42.5,47.4497474683,37.5502525317
591,52,99,75.5,108.7340187158,42.2659812842
592,15,16,15.5,16.2071067812,14.7928932188
593,61,114,87.5,124.9766594029,50.0233405971
594,19,96,57.5,111.9472221514,3.0527778486
595,62,69,65.5,70.4497474683,60.5502525317
596,17,21,19,21.8284271247,16.1715728753
597,12,104,58,123.0538238692,-7.0538238692
598,19,57,38,64.8700576851,11.1299423149
599,55,105,80,115.3553390593,44.6446609407
600,29,31,30,31.4142135624,28.5857864376
601,121,92,106.5,127.0060966544,85.9939033456
602,42,105,73.5,118.0477272148,28.9522727852
603,11,45,28,52.0416305603,3.9583694397
604,18,102,60,119.3969696197,0.6030303803
605,20,37,28.5,40.5208152802,16.4791847198
606,47,111,79,124.2548339959,33.7451660041
607,57,14,35.5,65.905591591,5.094408409
608,49,37,43,51.4852813742,34.5147186258
609,22,97,59.5,112.533008589,6.466991411
610,23,88,55.5,101.4619407771,9.5380592229
611,16,113,64.5,133.0893577751,-4.0893577751
612,89,96,92.5,97.4497474683,87.5502525317
613,19,113,66,132.4680374315,-0.4680374315
614,13,114,63.5,134.9177848998,-7.9177848998
615,16,47,31.5,53.4203102168,9.5796897832
616,21,46,33.5,51.1776695297,15.8223304703
617,86,90,88,90.8284271247,85.1715728753
618,27,117,72,135.6396103068,8.3603896932
619,19,27,23,28.6568542495,17.3431457505
620,17,47,32,53.2132034356,10.7867965644
621,19,27,23,28.6568542495,17.3431457505
622,21,33,27,35.4852813742,18.5147186258
623,56,96,76,104.2842712475,47.7157287525
624,141,122,131.5,144.9350288425,118.0649711575
625,20,119,69.5,139.5035713375,-0.5035713375
626,13,86,49.5,101.1187950266,-2.1187950266
627,15,19,17,19.8284271247,14.1715728753
628,34,100,67,113.6690475583,20.3309524417
629,44,44,44,44,44
630,45,114,79.5,128.2903679019,30.7096320981
631,35,26,30.5,36.8639610307,24.1360389693
632,20,118,69,138.2964645563,-0.2964645563
633,51,44,47.5,52.4497474683,42.5502525317
634,29,116,72.5,134.0182899632,10.9817100368
635,25,102,63.5,117.9472221514,9.0527778486
636,14,117,65.5,138.3319984622,-7.3319984622
637,18,129,73.5,151.9888527117,-4.9888527117
638,51,121,86,135.4974746831,36.5025253169
639,81,26,53.5,92.3908729653,14.6091270347
640,33,125,79,144.0538238692,13.9461761308
641,61,120,90.5,132.21930009,48.78069991
642,27,122,74.5,141.6751442127,7.3248557873
643,19,128,73.5,150.5746391493,-3.5746391493
644,18,19,18.5,19.2071067812,17.7928932188
645,16,106,61,124.6396103068,-2.6396103068
646,72,122,97,132.3553390593,61.6446609407
647,39,142,90.5,163.3319984622,17.6680015378
648,56,123,89.5,136.8761543395,42.1238456605
649,94,40,67,105.1837661841,28.8162338159
650,29,118,73.5,136.4325035256,10.5674964744
651,38,125,81.5,143.0182899632,19.9817100368
652,81,130,105.5,140.1482322781,70.8517677219
653,16,121,68.5,142.7462120246,-5.7462120246
654,11,109,60,129.2964645563,-9.2964645563
655,37,139,88,160.124891681,15.875108319
656,13,38,25.5,43.1776695297,7.8223304703
657,50,124,87,139.3259018078,34.6740981922
658,40,129,84.5,147.4325035256,21.5674964744
659,30,122,76,141.0538238692,10.9461761308
660,12,139,75.5,165.3025612107,-14.3025612107
661,44,124,84,140.5685424949,27.4314575051
662,14,41,27.5,46.591883092,8.408116908
663,52,141,96.5,159.4325035256,33.5674964744
664,69,42,55.5,74.591883092,36.408116908
665,32,125,78.5,144.2609306503,12.7390693497
666,14,27,20.5,29.6923881554,11.3076118446
667,16,128,72,151.1959594929,-7.1959594929
668,11,128,69.5,152.2314933988,-13.2314933988
669,36,153,94.5,177.2314933988,11.7685066012
670,39,150,94.5,172.9888527117,16.0111472883
671,21,168,94.5,198.4446968344,-9.4446968344
672,75,166,120.5,184.846717088,56.153282912
673,36,46,41,48.0710678119,33.9289321881
674,28,149,88.5,174.0599205236,2.9400794764
675,31,113,72,129.9827560573,14.0172439427
676,47,130,88.5,147.1898628385,29.8101371615
677,32,142,87,164.7817459305,9.2182540695
678,90,163,126.5,178.1187950266,74.8812049734
679,21,131,76,153.7817459305,-1.7817459305
680,19,146,82.5,172.3025612107,-7.3025612107
681,63,112,87.5,122.1482322781,52.8517677219
682,14,135,74.5,160.0599205236,-11.0599205236
683,25,122,73.5,142.0893577751,4.9106422249
684,18,143,80.5,168.8883476483,-7.8883476483
685,12,140,76,166.5096679919,-14.5096679919
686,20,143,81.5,168.4741340859,-5.4741340859
687,29,162,95.5,189.5452018978,1.4547981022
688,15,162,88.5,192.4446968344,-15.4446968344
689,23,143,83,167.8528137424,-1.8528137424
690,31,160,95.5,186.7167747731,4.2832252269
691,78,140,109,152.8406204336,65.1593795664
692,29,178,103.5,208.8589103968,-1.8589103968
693,41,163,102,188.2670273048,15.7329726952
694,13,150,81.5,178.3736290226,-15.3736290226
695,16,162,89,192.2375900532,-14.2375900532
696,46,154,100,176.3675323681,23.6324676319
697,21,192,106.5,227.4152595829,-14.4152595829
698,12,165,88.5,196.6873375215,-19.6873375215
699,25,165,95,193.9949493661,-3.9949493661
700,17,178,97.5,211.344191771,-16.344191771
701,22,168,95,198.2375900532,-8.2375900532
702,51,200,125.5,230.8589103968,20.1410896032
703,63,180,121.5,204.2314933988,38.7685066012
704,45,200,122.5,232.1015510839,12.8984489161
705,24,186,105,219.5512985522,-9.5512985522
706,13,184,98.5,219.4152595829,-22.4152595829
707,44,189,116.5,219.0304832721,13.969516728
708,107,200,153.5,219.2609306503,87.7390693497
709,24,179,101.5,211.1015510839,-8.1015510839
710,82,200,141,224.43860018,57.56139982
711,120,183,151.5,196.0477272148,106.9522727852
712,15,182,98.5,216.5868324582,-19.5868324582
713,42,179,110.5,207.3736290226,13.6263709774
714,21,199,110,235.8650070512,-15.8650070512
715,49,194,121.5,224.0304832721,18.969516728
716,46,181,113.5,208.9594154602,18.0405845398
717,115,200,157.5,217.6040764009,97.3959235991
718,20,196,108,232.4507934888,-16.4507934888
719,15,187,101,222.6223663641,-20.6223663641
720,75,150,112.5,165.533008589,59.466991411
721,14,200,107,238.5218613007,-24.5218613007
722,25,165,95,193.9949493661,-3.9949493661
723,14,172,93,204.7228714275,-18.7228714275
724,35,167,101,194.3380951166,7.6619048834
725,18,189,103.5,224.4152595829,-17.4152595829
726,39,169,104,195.9238815543,12.0761184457
727,32,177,104.5,207.0304832721,1.969516728
728,21,174,97.5,205.6873375215,-10.6873375215
729,20,181,100.5,214.344191771,-13.344191771
730,19,170,94.5,201.2731239592,-12.2731239592
731,54,159,106.5,180.7462120246,32.2537879754
732,17,177,97,210.1370849898,-16.1370849898
733,23,156,89.5,183.5452018978,-4.5452018978
734,59,164,111.5,185.7462120246,37.2537879754
735,91,158,124.5,171.8761543395,77.1238456605
736,67,175,121,197.3675323681,44.6324676319
737,77,174,125.5,194.0893577751,56.9106422249
738,14,157,85.5,186.6162697097,-15.6162697097
739,21,175,98,206.8944443027,-10.8944443027
740,23,151,87,177.5096679919,-3.5096679919
741,42,140,91,160.2964645563,21.7035354437
742,71,157,114,174.811183182,53.188816818
743,27,148,87.5,173.0599205236,1.9400794764
744,31,157,94,183.0954544295,4.9045455705
745,78,138,108,150.4264068712,65.5735931288
746,52,160,106,182.3675323681,29.6324676319
747,88,163,125.5,178.533008589,72.466991411
748,31,168,99.5,196.3736290226,2.6263709774
749,27,158,92.5,185.1309883354,-0.1309883354
750,30,156,93,182.0954544295,3.9045455705
751,57,149,103,168.0538238692,37.9461761308
752,54,132,93,148.1543289326,37.8456710674
753,29,133,81,154.5391052434,7.4608947566
754,18,140,79,165.2670273048,-7.2670273048
755,13,125,69,148.1959594929,-10.1959594929
756,40,129,84.5,147.4325035256,21.5674964744
757,43,139,91,158.8822509939,23.1177490061
758,31,132,81.5,152.9177848998,10.0822151002
759,20,126,73,147.9533188058,-1.9533188058
760,48,115,81.5,128.8761543395,34.1238456605
761,36,145,90.5,167.5746391493,13.4253608507
762,32,128,80,147.8822509939,12.1177490061
763,26,128,77,149.124891681,4.875108319
764,19,138,78.5,162.6457069612,-5.6457069612
765,35,126,80.5,144.846717088,16.153282912
766,77,133,105,144.5979797464,65.4020202536
767,76,123,99.5,132.7340187158,66.2659812842
768,52,118,85,131.6690475583,38.3309524417
769,65,129,97,142.2548339959,51.7451660041
770,15,119,67,140.5391052434,-6.5391052434
771,18,127,72.5,149.5746391493,-4.5746391493
772,69,138,103.5,152.2903679019,54.7096320981
773,74,119,96.5,128.3198051534,64.6801948466
774,29,128,78.5,148.5035713375,8.4964286625
775,68,131,99.5,144.0477272148,54.9522727852
776,51,128,89.5,143.9472221514,35.0527778486
777,23,108,65.5,125.6040764009,5.3959235991
778,38,119,78.5,135.7756492761,21.2243507239
779,57,110,83.5,120.9766594029,46.0233405971
780,42,116,79,131.3259018078,26.6740981922
781,34,117,75.5,134.1898628385,16.8101371615
782,112,102,107,114.0710678119,99.9289321881
783,38,114,76,129.7401153702,22.2598846298
784,58,123,90.5,136.4619407771,44.5380592229
785,48,122,85,137.3259018078,32.6740981922
786,51,111,81,123.4264068712,38.5735931288
787,16,117,66.5,137.9177848998,-4.9177848998
788,122,97,109.5,127.1776695297,91.8223304703
789,27,95,61,109.0832611207,12.9167388793
790,59,112,85.5,122.9766594029,48.0233405971
791,55,114,84.5,126.21930009,42.78069991
792,51,101,76,111.3553390593,40.6446609407
793,24,97,60.5,112.1187950266,8.8812049734
794,9,114,61.5,135.7462120246,-12.7462120246
795,22,106,64,123.3969696197,4.6030303803
796,36,119,77.5,136.1898628385,18.8101371615
797,49,88,68.5,96.0771644663,40.9228355337
798,40,104,72,117.2548339959,26.7451660041
799,84,93,88.5,94.8639610307,82.1360389693
800,128,90,109,135.8700576851,82.1299423149
801,17,96,56.5,112.3614357137,0.6385642863
802,118,93,105.5,123.1776695297,87.8223304703
803,56,103,79.5,112.7340187158,46.2659812842
804,71,97,84,102.3847763109,65.6152236891
805,49,96,72.5,105.7340187158,39.2659812842
806,61,104,82.5,112.905591591,52.094408409
807,24,90,57,103.6690475583,10.3309524417
808,24,86,55,98.8406204336,11.1593795664
809,57,82,69.5,87.1776695297,51.8223304703
810,34,89,61.5,100.3908729653,22.6091270347
811,53,89,71,96.4558441227,45.5441558773
812,29,60,44.5,66.4203102168,22.5796897832
813,61,77,69,80.313708499,57.686291501
814,60,88,74,93.7989898732,54.2010101268
815,109,82,95.5,114.591883092,76.408116908
816,81,76,78.5,82.0355339059,74.9644660941
817,13,84,48.5,98.7045814642,-1.7045814642
818,79,94,86.5,97.1066017178,75.8933982822
819,29,66,47.5,73.6629509039,21.3370490961
820,32,73,52.5,81.4913780286,23.5086219714
821,118,71,94.5,127.7340187158,61.2659812842
822,59,73,66,75.8994949366,56.1005050634
823,63,64,63.5,64.2071067812,62.7928932188
824,85,36,60.5,95.1482322781,25.8517677219
825,27,85,56,97.0121933088,14.9878066912
826,19,79,49,91.4264068712,6.5735931288
827,57,40,48.5,60.5208152802,36.4791847198
828,81,85,83,85.8284271247,80.1715728753
829,14,83,48.5,97.2903679019,-0.2903679019
830,34,87,60.5,97.9766594029,23.0233405971
831,105,85,95,109.1421356237,80.8578643763
832,29,85,57,96.5979797464,17.4020202536
833,107,18,62.5,125.4325035256,-0.4325035256
834,37,88,62.5,98.5624458405,26.4375541595
835,110,35,72.5,125.533008589,19.466991411
836,91,39,65,101.7695526217,28.2304473783
837,111,67,89,120.1126983722,57.8873016278
838,58,68,63,70.0710678119,55.9289321881
839,91,85,88,92.2426406871,83.7573593129
840,64,82,73,85.7279220614,60.2720779386
841,21,76,48.5,87.3908729653,9.6091270347
842,44,53,48.5,54.8639610307,42.1360389693
843,86,60,73,91.3847763109,54.6152236891
844,61,24,42.5,68.6629509039,16.3370490961
845,65,49,57,68.313708499,45.686291501
846,26,60,43,67.0416305603,18.9583694397
847,14,46,30,52.627416998,7.372583002
848,68,62,65,69.2426406871,60.7573593129
849,94,77,85.5,97.5208152802,73.4791847198
850,30,29,29.5,30.2071067812,28.7928932188
851,52,51,51.5,52.2071067812,50.7928932188
852,80,50,65,86.2132034356,43.7867965644
853,65,84,74.5,87.9350288425,61.0649711575
854,33,50,41.5,53.5208152802,29.4791847198
855,93,76,84.5,96.5208152802,72.4791847198
856,100,63,81.5,107.6629509039,55.3370490961
857,64,44,54,68.1421356237,39.8578643763
858,108,51,79.5,119.8050865276,39.1949134724
859,55,92,73.5,99.6629509039,47.3370490961
860,129,67,98,141.8406204336,54.1593795664
861,90,78,84,92.4852813742,75.5147186258
862,24,30,27,31.2426406871,22.7573593129
863,129,80,104.5,139.1482322781,69.8517677219
864,101,73,87,106.7989898732,67.2010101268
865,69,43,56,74.3847763109,37.6152236891
866,69,78,73.5,79.8639610307,67.1360389693
867,42,16,29,47.3847763109,10.6152236891
868,67,76,71.5,77.8639610307,65.1360389693
869,22,46,34,50.9705627485,17.0294372515
870,62,66,64,66.8284271247,61.1715728753
871,47,35,41,49.4852813742,32.5147186258
872,44,95,69.5,105.5624458405,33.4375541595
873,34,71,52.5,78.6629509039,26.3370490961
874,64,79,71.5,82.1066017178,60.8933982822
875,80,93,86.5,95.6923881554,77.3076118446
876,108,46,77,120.8406204336,33.1593795664
877,80,41,60.5,88.0771644663,32.9228355337
878,29,60,44.5,66.4203102168,22.5796897832
879,65,89,77,93.9705627485,60.0294372515
880,75,72,73.5,75.6213203436,71.3786796564
881,91,42,66.5,101.1482322781,31.8517677219
882,83,87,85,87.8284271247,82.1715728753
883,52,24,38,57.7989898732,18.2010101268
884,156,92,124,169.2548339959,78.7451660041
885,114,99,106.5,117.1066017178,95.8933982822
886,68,85,76.5,88.5208152802,64.4791847198
887,56,86,71,92.2132034356,49.7867965644
888,119,88,103.5,125.4203102168,81.5796897832
889,45,41,43,45.8284271247,40.1715728753
890,80,93,86.5,95.6923881554,77.3076118446
891,30,86,58,97.5979797464,18.4020202536
892,31,88,59.5,99.8050865276,19.1949134724
893,129,84,106.5,138.3198051534,74.6801948466
894,52,35,43.5,55.5208152802,31.4791847198
895,97,87,92,99.0710678119,84.9289321881
896,43,85,64,93.6984848098,34.3015151902
897,45,114,79.5,128.2903679019,30.7096320981
898,35,91,63,102.5979797464,23.4020202536
899,44,96,70,106.7695526217,33.2304473783
900,14,105,59.5,123.846717088,-4.846717088
901,82,78,80,82.8284271247,77.1715728753
902,30,88,59,100.0121933088,17.9878066912
903,75,97,86,101.5563491861,70.4436508139
904,50,96,73,105.5269119346,40.4730880654
905,73,108,90.5,115.2487373415,65.7512626585
906,49,107,78,119.0121933088,36.9878066912
907,60,71,65.5,73.2781745931,57.7218254069
908,70,97,83.5,102.591883092,64.408116908
909,100,84,92,103.313708499,80.686291501
910,59,97,78,104.8700576851,51.1299423149
911,123,99,111,127.9705627485,94.0294372515
912,66,97,81.5,103.4203102168,59.5796897832
913,97,95,96,97.4142135624,94.5857864376
914,98,111,104.5,113.6923881554,95.3076118446
915,118,90,104,123.7989898732,84.2010101268
916,49,107,78,119.0121933088,36.9878066912
917,38,100,69,112.8406204336,25.1593795664
918,110,117,113.5,118.4497474683,108.5502525317
919,65,108,86.5,116.905591591,56.094408409
920,29,93,61,106.2548339959,15.7451660041
921,58,112,85,123.1837661841,46.8162338159
922,60,97,78.5,104.6629509039,52.3370490961
923,88,87,87.5,88.2071067812,86.7928932188
924,128,110,119,131.7279220614,106.2720779386
925,72,112,92,120.2842712475,63.7157287525
926,87,122,104.5,129.2487373415,79.7512626585
927,112,118,115,119.2426406871,110.7573593129
928,102,113,107.5,115.2781745931,99.7218254069
929,82,120,101,127.8700576851,74.1299423149
930,45,114,79.5,128.2903679019,30.7096320981
931,147,116,131.5,153.4203102168,109.5796897832
932,104,119,111.5,122.1066017178,100.8933982822
933,104,123,113.5,126.9350288425,100.0649711575
934,57,119,88,131.8406204336,44.1593795664
935,102,122,112,126.1421356237,97.8578643763
936,156,104,130,166.7695526217,93.2304473783
937,52,115,83.5,128.0477272148,38.9522727852
938,44,109,76.5,122.4619407771,30.5380592229
939,80,130,105,140.3553390593,69.6446609407
940,126,108,117,129.7279220614,104.2720779386
941,44,114,79,128.4974746831,29.5025253169
942,96,116,106,120.1421356237,91.8578643763
943,57,116,86.5,128.21930009,44.78069991
944,63,104,83.5,112.4913780286,54.5086219714
945,106,100,103,107.2426406871,98.7573593129
946,127,103,115,131.9705627485,98.0294372515
947,115,137,126,141.5563491861,110.4436508139
948,112,123,117.5,125.2781745931,109.7218254069
949,83,115,99,121.627416998,76.372583002
950,70,113,91.5,121.905591591,61.094408409
951,182,107,144.5,197.533008589,91.466991411
952,134,132,133,134.4142135624,131.5857864376
953,105,103,104,105.4142135624,102.5857864376
954,84,119,101.5,126.2487373415,76.7512626585
955,131,120,125.5,133.2781745931,117.7218254069
956,101,115,108,117.8994949366,98.1005050634
957,103,113,108,115.0710678119,100.9289321881
958,77,136,106.5,148.21930009,64.78069991
959,145,108,126.5,152.6629509039,100.3370490961
960,83,127,105,136.1126983722,73.8873016278
961,107,139,123,145.627416998,100.372583002
962,115,121,118,122.2426406871,113.7573593129
963,97,111,104,113.8994949366,94.1005050634
964,41,122,81.5,138.7756492761,24.2243507239
965,169,113,141,180.5979797464,101.4020202536
966,119,118,118.5,119.2071067812,117.7928932188
967,131,125,128,132.2426406871,123.7573593129
968,110,132,121,136.5563491861,105.4436508139
969,200,121,160.5,216.3614357137,104.6385642863
970,30,120,75,138.6396103068,11.3603896932
971,174,122,148,184.7695526217,111.2304473783
972,116,132,124,135.313708499,112.686291501
973,200,115,157.5,217.6040764009,97.3959235991
974,74,109,91.5,116.2487373415,66.7512626585
975,139,130,134.5,140.8639610307,128.1360389693
976,132,114,123,135.7279220614,110.2720779386
977,160,112,136,169.941125497,102.058874503
978,138,121,129.5,141.5208152802,117.4791847198
979,165,103,134,177.8406204336,90.1593795664
980,127,107,117,131.1421356237,102.8578643763
981,168,107,137.5,180.6335136524,94.3664863476
982,144,116,130,149.7989898732,110.2010101268
983,200,125,162.5,215.533008589,109.466991411
984,174,115,144.5,186.21930009,102.78069991
985,172,103,137.5,186.2903679019,88.7096320981
986,200,109,154.5,218.846717088,90.153282912
987,200,115,157.5,217.6040764009,97.3959235991
988,200,102,151,220.2964645563,81.7035354437
989,200,98,149,221.124891681,76.875108319
990,150,130,140,154.1421356237,125.8578643763
991,122,98,110,126.9705627485,93.0294372515
992,200,107,153.5,219.2609306503,87.7390693497
993,200,143,171.5,211.8050865276,131.1949134724
994,200,116,158,217.3969696197,98.6030303803
995,192,91,141.5,212.9177848998,70.0822151002
996,159,91,125,173.0832611207,76.9167388793
997,200,91,145.5,222.5746391493,68.4253608507
998,149,110,129.5,157.0771644663,101.9228355337
999,112,125,118.5,127.6923881554,109.3076118446
1000,200,89,144.5,222.9888527117,66.0111472883
