Episodes,Reward 1,Reward 2,Reward 3,mean,top,bottom,
51,190.52,149.86,179.51,173.29666666666668,194.32671738779746,152.2666159455359,
52,190.92,149.24,181.06,173.74,195.52284646229688,151.95715353770314,
53,190.92,148.86,181.06,173.61333333333334,195.6099361013367,151.61673056533,
54,190.92,149.42,181.58,173.97333333333333,195.7439220560421,152.20274461062456,
55,190.92,149.55,181.77,174.08,195.8106534646338,152.34934653536624,
56,192.11,149.35,183.38,174.94666666666666,197.53970172912193,152.3536316042114,
57,193.03,148.58,183.08,174.89666666666668,198.22424333749413,151.56908999583922,
58,193.43,149.77,183.08,175.42666666666668,198.24067625142257,152.61265708191078,
59,193.43,148.42,182.65,174.83333333333334,198.33440210335598,151.3322645633107,
60,193.48,149.74,182.71,175.31,198.0996226383852,152.5203773616148,
61,193.59,151.0,182.67,175.75333333333333,197.8747535710426,153.63191309562407,
62,193.59,152.65,182.31,176.18333333333334,197.329797182718,155.03686948394866,
63,193.62,152.94,182.31,176.29,197.28752128228473,155.29247871771526,
64,193.62,153.17,182.16,176.31666666666666,197.16514462869867,155.46818870463466,
65,193.62,152.93,182.16,176.23666666666668,197.21840714102518,155.25492619230818,
66,195.41,154.6,182.32,177.44333333333333,198.28080998798933,156.60585667867733,
67,195.71,154.81,183.85,178.12333333333333,199.16611198381895,157.08055468284772,
68,195.71,155.43,184.01,178.38333333333333,199.10443690754803,157.66222975911862,
69,195.71,156.37,184.16,178.74666666666667,198.9676219688608,158.52571136447253,
70,195.71,156.37,184.11,178.73000000000002,198.9442820797574,158.51571792024265,
71,195.71,156.5,184.11,178.77333333333334,198.9157272658661,158.63093940080057,
72,195.71,156.65,184.36,178.90666666666667,198.99957669317436,158.81375664015897,
73,197.42,156.43,185.55,179.8,200.89127544744508,158.70872455255494,
74,197.42,156.39,185.55,179.78666666666666,200.90010393617192,158.6732293971614,
75,197.42,156.78,185.32,179.84,200.70684451468406,158.97315548531594,
76,197.42,158.67,185.17,180.42,200.22688011777726,160.61311988222272,
77,197.42,158.9,185.17,180.49666666666667,200.1773077470109,160.81602558632244,
78,197.57,158.33,185.32,180.40666666666667,200.4827726968044,160.33056063652893,
79,197.57,158.59,185.66,180.60666666666665,200.581957236101,160.6313760972323,
80,197.57,158.63,185.47,180.55666666666667,200.4862058819454,160.62712745138793,
81,197.94,159.3,185.44,180.89333333333335,200.61049675339285,161.17616991327384,
82,197.94,159.46,185.44,180.94666666666666,200.57623959460713,161.3170937387262,
83,197.94,160.07,185.72,181.24333333333334,200.571153524274,161.91551314239268,
84,197.94,159.81,185.22,180.99,200.40375543268226,161.57624456731776,
85,197.98,159.81,185.0,180.93,200.33775360519604,161.52224639480397,
86,197.98,161.4,185.21,181.53,200.09558375058538,162.96441624941463,
87,197.98,161.88,185.86,181.90666666666667,200.27849655193756,163.53483678139577,
88,197.98,161.97,186.16,182.03666666666666,200.39235879018338,163.68097454314994,
89,197.98,162.29,186.57,182.28,200.5076465842412,164.0523534157588,
90,197.98,162.78,186.58,182.44666666666666,200.40699331551502,164.4863400178183,
91,198.72,163.08,186.58,182.79333333333335,200.91256436926125,164.67410229740545,
92,198.72,163.68,186.58,182.99333333333334,200.786549269002,165.20011739766468,
93,198.72,163.86,187.42,183.33333333333334,201.1190167144501,165.54764995221657,
94,198.72,163.95,187.66,183.44333333333333,201.20771999128843,165.67894667537823,
95,198.72,164.12,187.66,183.5,201.17114031408272,165.82885968591728,
96,198.72,165.1,187.66,183.82666666666665,200.96133717220405,166.69199616112925,
97,198.72,165.45,187.66,183.94333333333333,200.88686995746625,166.9997967092004,
98,198.72,165.71,188.18,184.20333333333335,201.06380287997803,167.34286378668867,
99,198.72,166.0,188.16,184.29333333333332,200.99252293442873,167.5941437322379,
100,198.72,167.46,188.26,184.81333333333333,200.72579804918843,168.90086861747824,
101,198.72,169.07,187.93,185.24,200.24692173631888,170.23307826368114,
102,198.72,169.85,188.18,185.58333333333334,200.1924480680917,170.974218598575,
103,198.72,170.09,188.18,185.66333333333333,200.143299953921,171.18336671274565,
104,198.72,168.72,188.18,185.20666666666668,200.4260797083491,169.98725362498425,
105,198.4,169.38,188.18,185.32,200.03987771688338,170.6001222831166,
106,197.01,169.38,188.18,184.85666666666665,198.96828008729767,170.74505324603564,
107,195.34,170.94,187.21,184.49666666666667,196.9209023909812,172.07243094235213,
108,195.34,171.72,187.09,184.71666666666667,196.7041865658507,172.72914676748263,
109,195.34,172.11,187.09,184.84666666666666,196.62302575313024,173.0703075802031,
110,195.34,172.5,187.57,185.13666666666666,196.7494713810039,173.5238619523294,
111,195.34,172.53,187.57,185.14666666666668,196.7431503291108,173.55018300422256,
112,195.34,172.8,187.67,185.27,196.73005671888234,173.80994328111768,
113,195.34,172.2,187.82,185.12,196.9239146049097,173.3160853950903,
114,195.34,172.07,187.54,184.98333333333332,196.8271348063965,173.13953186027015,
115,196.62,172.26,187.54,185.47333333333333,197.78413076214895,173.1625359045177,
116,196.62,172.61,187.54,185.59,197.71319677312877,173.46680322687124,
117,196.62,173.86,187.54,186.00666666666666,197.4638798240332,174.54945350930012,
118,196.62,174.3,187.56,186.16,197.38566701804396,174.93433298195603,
119,196.62,174.5,187.56,186.22666666666666,197.34678057495614,175.10655275837718,
120,196.62,173.98,186.86,185.82,197.17577386178502,174.46422613821497,
121,196.62,174.22,186.86,185.9,197.13081475227867,174.66918524772134,
122,196.62,174.5,186.86,185.99333333333334,197.07877122875874,174.90789543790794,
123,196.62,175.22,186.86,186.23333333333335,196.947087732858,175.5195789338087,
124,196.62,175.36,187.1,186.36,197.00930044650823,175.7106995534918,
125,196.62,175.26,187.1,186.32666666666665,197.027644815104,175.6256885182293,
126,196.62,175.87,187.1,186.53,196.91673673489416,176.14326326510584,
127,196.62,176.09,187.1,186.60333333333332,196.87734099019895,176.3293256764677,
128,196.62,177.37,187.1,187.03,196.65519090719764,177.40480909280237,
129,196.28,176.54,187.38,186.73333333333332,196.61920877930842,176.84745788735822,
130,196.28,176.71,187.38,186.79,196.58833149061613,176.99166850938386,
131,196.28,176.87,187.38,186.84333333333333,196.5594556737186,177.12721099294808,
132,196.28,176.14,186.59,186.33666666666667,196.40905632023615,176.2642770130972,
133,196.28,175.72,186.61,186.20333333333335,196.4893643139076,175.9173023527591,
134,196.28,175.65,187.94,186.62333333333333,197.001167082885,176.24549958378168,
135,196.28,175.56,188.0,186.61333333333334,197.0427021221591,176.18396454450757,
136,196.28,176.02,188.0,186.76666666666668,196.9528206677278,176.58051266560557,
137,196.28,175.74,188.1,186.70666666666668,197.04731139189215,176.3660219414412,
138,196.28,175.94,188.41,186.87666666666667,197.13299316952984,176.6203401638035,
139,196.28,175.72,188.41,186.80333333333334,197.1770710075438,176.4295956591229,
140,196.28,174.63,189.35,186.75333333333333,197.8094462729398,175.69722039372687,
141,196.28,174.9,189.49,186.89000000000001,197.8145640645291,175.96543593547094,
142,196.28,174.71,189.49,186.82666666666668,197.85554844739738,175.79778488593598,
143,196.28,174.31,189.49,186.69333333333333,197.94216586534895,175.4445008013177,
144,196.28,175.32,189.49,187.03,197.72434897504286,176.33565102495714,
145,196.28,173.89,189.49,186.55333333333334,198.03357868495078,175.0730879817159,
146,196.28,173.68,190.87,186.94333333333333,198.7439279511199,175.14273871554676,
147,196.28,173.34,190.87,186.83,198.8217513316446,174.83824866835542,
148,196.28,173.13,189.01,186.14,197.97884707224483,174.30115292775514,
149,196.28,172.4,189.13,185.93666666666667,198.1927522299015,173.68058110343185,
150,196.28,171.96,189.13,185.79,198.2892919799483,173.29070802005168,
151,196.28,171.75,189.13,185.72,198.33551822161897,173.10448177838103,
152,196.28,172.22,189.13,185.87666666666667,198.23219309548924,173.5211402378441,
153,196.28,172.64,189.13,186.01666666666665,198.14028136416235,173.89305196917095,
154,196.28,172.27,189.13,185.89333333333335,198.22122988275868,173.565436783908,
155,196.19,171.94,189.13,185.75333333333333,198.22598474886377,173.2806819178029,
156,196.19,171.63,189.13,185.65,198.29441378633268,173.00558621366733,
157,196.19,172.22,189.86,186.09,198.5117510842876,173.6682489157124,
158,196.19,171.12,189.86,185.72333333333333,198.76021307249383,172.68645359417283,
159,196.19,172.46,191.28,186.64333333333335,199.16939549721124,174.11727116945545,
160,196.19,171.89,191.34,186.47333333333333,199.3335756846008,173.61309098206587,
161,196.19,170.77,191.6,186.18666666666667,199.73370447326238,172.63962886007096,
162,196.19,170.49,191.96,186.21333333333334,199.99341436841195,172.43325229825473,
163,196.19,169.68,191.96,185.94333333333333,200.18570790126734,171.70095876539932,
164,196.19,169.47,192.38,186.01333333333332,200.4663756889529,171.56029097771375,
165,196.19,169.08,192.38,185.88333333333333,200.55960783789794,171.2070588287687,
166,196.19,168.36,192.38,185.64333333333335,200.7318797621095,170.5547869045572,
167,196.19,167.21,192.38,185.26,201.0074093107406,169.51259068925938,
168,196.19,166.63,192.38,185.06666666666666,201.14653088665725,168.98680244667608,
169,196.19,165.69,192.38,184.75333333333333,201.37220914769975,168.1344575189669,
170,196.19,164.27,192.43,184.29666666666668,201.74186466879132,166.85146866454204,
171,196.19,163.46,192.43,184.02666666666667,201.93686580942702,166.11646752390632,
172,196.19,162.84,192.43,183.82,202.08621745189737,165.55378254810262,
173,196.19,162.19,192.6,183.66,202.34000802997684,164.97999197002315,
174,196.19,161.39,192.6,183.39333333333332,202.53313566599428,164.25353100067235,
175,196.19,160.78,192.89,183.28666666666666,202.84772577228088,163.72560756105244,
176,196.19,160.03,193.19,183.13666666666666,203.20376743716494,163.06956589616837,
177,196.19,158.85,193.19,182.74333333333334,203.48986396699192,161.99680269967476,
178,194.59,158.87,193.19,182.21666666666667,202.44758689618993,161.9857464371434,
179,194.59,157.49,193.19,181.75666666666666,202.78387126769087,160.72946206564245,
180,194.59,156.72,193.58,181.63,203.20860282780143,160.05139717219856,
181,194.59,156.19,193.61,181.46333333333334,203.35616625493884,159.57050041172783,
182,194.59,155.56,193.61,181.25333333333333,203.5098072978528,158.99685936881386,
183,194.59,154.84,193.75,181.06,203.77106998800366,158.34893001199634,
184,194.59,154.65,194.41,181.21666666666667,204.2242509234576,158.20908240987575,
185,194.59,154.09,194.63,181.10333333333332,204.49757479001093,157.70909187665572,
186,194.59,153.35,194.63,180.85666666666665,204.6781471692159,157.03518616411742,
187,194.59,152.69,194.63,180.63666666666666,204.83919821469553,156.43413511863778,
188,194.59,152.13,194.71,180.47666666666666,205.0256734354411,155.92765989789223,
189,194.59,151.56,194.71,180.28666666666666,205.1647621189583,155.40857121437503,
190,194.59,151.02,194.71,180.10666666666668,205.2965303688254,154.91680296450798,
191,194.59,150.2,194.71,179.83333333333334,205.49662293800668,154.17004372866,
192,194.59,149.42,194.71,179.57333333333332,205.68695493841395,153.4597117282527,
193,194.59,148.83,194.71,179.37666666666667,205.8309240430009,152.92240929033244,
194,194.59,148.24,194.71,179.18,205.97489317015464,152.38510682984537,
195,194.59,147.28,194.71,178.86,206.20914806717022,151.5108519328298,
196,194.59,146.76,194.71,178.68666666666667,206.3360361591765,151.03729717415683,
197,194.59,146.13,194.71,178.47666666666666,206.4897659834744,150.46356734985892,
198,194.59,145.49,194.71,178.26333333333335,206.64593598589735,149.88073068076935,
199,194.59,145.04,194.73,178.12,206.76820587750655,149.47179412249346,
200,194.59,144.38,194.73,177.9,206.92925593259326,148.87074406740675,
201,194.59,143.69,195.19,177.82333333333332,207.385189386926,148.26147727974066,
202,193.99,143.03,195.19,177.40333333333334,207.17755932383278,147.6291073428339,
203,193.99,142.3,195.19,177.16,207.3556072964264,146.9643927035736,
204,193.99,143.03,195.19,177.40333333333334,207.17755932383278,147.6291073428339,
205,194.31,142.4,195.19,177.3,207.5274891448165,147.0725108551835,
206,195.7,142.04,195.19,177.64333333333332,208.47777889885847,146.80888776780816,
207,197.37,141.37,196.16,178.3,210.28803995245724,146.31196004754278,
208,197.37,140.54,196.28,178.06333333333333,210.56406306873055,145.56260359793612,
209,197.37,139.33,196.28,177.66,210.85922740064893,144.46077259935106,
210,197.37,138.52,196.28,177.39000000000001,211.0568189765532,143.72318102344684,
211,197.37,138.51,196.19,177.35666666666665,211.00404001635525,143.70929331697806,
212,197.37,137.93,196.15,177.15,211.12099350916895,143.17900649083106,
213,197.37,138.3,196.15,177.27333333333334,211.03074190291008,143.5159247637566,
214,197.37,138.19,196.43,177.33,211.2294926215718,143.43050737842822,
215,197.37,138.01,196.43,177.27,211.2734057117813,143.26659428821873,
216,197.37,137.47,196.43,177.09,211.4051453442937,142.77485465570632,
217,197.37,136.59,196.43,176.79666666666668,211.61983328507364,141.97350004825972,
218,197.37,135.72,196.43,176.50666666666666,211.83208291804766,141.18125041528566,
219,197.37,135.33,196.43,176.37666666666667,211.92722971893537,140.82610361439797,
220,197.37,135.25,197.13,176.58333333333334,212.37925116390912,140.78741550275757,
221,197.37,134.45,196.99,176.27,212.4876807650628,140.05231923493722,
222,197.37,134.02,196.99,176.12666666666667,212.59260465451135,139.66072867882198,
223,197.37,132.92,196.88,175.72333333333333,212.79291700152865,138.653749665138,
224,197.37,132.48,196.76,175.53666666666666,212.82608116104205,138.24725217229127,
225,197.37,132.24,196.76,175.45666666666668,212.88464060773558,138.02869272559778,
226,197.37,130.61,196.69,174.89000000000001,213.23911211488476,136.54088788511527,
227,197.37,130.46,196.69,174.84,213.2757112591923,136.40428874080771,
228,197.37,129.9,196.68,174.65,213.40617241163014,135.89382758836987,
229,197.71,130.02,196.64,174.79,213.56564828600546,136.01435171399453,
230,196.16,130.11,196.31,174.19333333333333,212.37069355288403,136.01597311378262,
231,196.16,129.64,196.31,174.03666666666666,212.4853809928094,135.5879523405239,
232,196.16,129.68,197.08,174.30666666666667,212.9572311299877,135.65610220334565,
233,196.16,129.68,196.98,174.27333333333334,212.89446917024696,135.65219749641972,
234,196.16,129.07,196.98,174.07,213.04329983463037,135.0967001653696,
235,196.16,128.82,196.98,173.98666666666665,213.1042961108614,134.8690372224719,
236,196.16,128.2,196.98,173.78,213.25556712702175,134.30443287297825,
237,196.16,127.9,196.71,173.59,213.15965630378915,134.02034369621086,
238,196.16,127.77,196.16,173.36333333333334,212.84831824321185,133.87834842345484,
239,196.16,127.35,196.16,173.22333333333333,212.95080535627147,133.49586131039518,
240,196.16,128.17,196.1,173.47666666666666,212.71340242963927,134.23993090369405,
241,196.16,126.86,195.94,172.98666666666668,212.93368324279328,133.03965009054008,
242,196.16,126.13,194.84,172.37666666666667,212.43289256643578,132.32044076689755,
243,196.16,126.21,194.59,172.32,212.260146469436,132.379853530564,
244,196.16,126.25,194.58,172.33,212.2442693782562,132.41573062174382,
245,196.16,127.24,194.3,172.56666666666666,211.8317266224764,133.30160671085693,
246,196.16,126.77,193.98,172.30333333333334,211.75141862696114,132.85524803970554,
247,196.16,126.32,193.84,172.10666666666665,211.77604696600247,132.43728636733084,
248,196.16,126.1,195.47,172.57666666666665,212.82811922844797,132.32521410488533,
249,196.16,126.24,195.3,172.56666666666666,212.6890411394385,132.44429219389482,
250,196.16,126.01,195.3,172.49,212.7451574335513,132.23484256644872,
251,196.16,125.78,195.12,172.35333333333332,212.69037503613217,132.01629163053448,
252,196.16,125.06,194.89,172.03666666666666,212.72460877895998,131.34872455437335,
253,196.16,124.81,194.75,171.90666666666667,212.69966892604117,131.11366440729216,
254,196.16,124.42,194.64,171.74,212.7273687860053,130.75263121399473,
255,196.25,123.96,194.64,171.61666666666667,212.89640059668776,130.3369327366456,
256,196.25,123.56,194.64,171.48333333333332,212.99396369873892,129.97270296792772,
257,196.25,122.07,194.39,170.90333333333334,213.20446491788238,128.6022017487843,
258,196.25,122.36,194.24,170.95,213.04217385690598,128.857826143094,
259,196.25,122.23,194.17,170.88333333333333,213.03118895296518,128.73547771370147,
260,196.25,122.52,194.17,170.98,212.9604752236084,128.99952477639158,
261,196.25,123.23,194.17,171.21666666666667,212.78735024696556,129.64598308636778,
262,196.25,123.07,194.06,171.12666666666667,212.7593633524848,129.49396998084853,
263,196.25,122.12,194.06,170.81,212.99099216471797,128.62900783528204,
264,196.25,122.21,194.06,170.84,212.96904817343966,128.71095182656035,
265,195.17,122.11,194.06,170.44666666666666,212.31112693230645,128.58220640102687,
266,195.17,122.05,193.81,170.34333333333333,212.17211449335917,128.5145521733075,
267,195.17,122.64,193.81,170.54,212.02818988579762,129.05181011420237,
268,195.17,121.71,193.81,170.23,212.2550544318505,128.20494556814947,
269,195.17,121.78,193.81,170.25333333333333,212.23797854242534,128.26868812424132,
270,195.17,122.54,193.8,170.50333333333333,212.04644628040717,128.9602203862595,
271,195.17,122.62,193.8,170.53,212.02693121183782,129.03306878816218,
272,195.17,122.48,193.78,170.47666666666666,212.04880918221826,128.90452415111506,
273,195.17,123.47,193.78,170.80666666666667,211.8073134095332,129.80601992380014,
274,195.17,123.05,193.78,170.66666666666666,211.90976588742518,129.42356744590813,
275,194.47,122.99,193.78,170.41333333333333,211.48459376363098,129.34207290303567,
276,194.47,122.88,193.78,170.37666666666667,211.51143338939568,129.24189994393765,
277,194.47,123.33,193.78,170.52666666666667,211.40163496430984,129.6516983690235,
278,196.07,122.01,193.78,170.62,212.73306329394717,128.50693670605284,
279,196.07,122.72,193.78,170.85666666666665,212.55996429806905,129.15336903526426,
280,196.07,122.73,192.44,170.41333333333333,211.74817860137966,129.078488065287,
281,196.07,122.33,192.44,170.28,211.84556387203233,128.71443612796767,
282,196.07,122.21,192.44,170.24,211.8747799321673,128.6052200678327,
283,196.07,122.1,192.44,170.20333333333332,211.90156151311731,128.50510515354932,
284,196.07,121.93,192.43,170.14333333333335,211.9369516659608,128.34971500070588,
285,196.07,121.57,192.43,170.02333333333334,212.02460156815374,128.02206509851294,
286,196.07,120.89,192.43,169.79666666666668,212.19016774092728,127.4031655924061,
287,196.07,120.79,192.43,169.76333333333332,212.21451627719642,127.31215038947022,
288,196.07,120.43,192.43,169.64333333333335,212.30217219860643,126.98449446806026,
289,196.07,120.47,192.43,169.65666666666667,212.29243256026044,127.0209007730729,
290,196.07,120.35,192.43,169.61666666666667,212.32165154353243,126.91168178980091,
291,196.07,120.01,192.43,169.50333333333333,212.40443976817173,126.60222689849493,
292,196.07,120.18,192.43,169.56,212.36304545239742,126.75695454760259,
293,196.07,120.0,192.43,169.5,212.40687474053547,126.59312525946453,
294,196.07,118.85,192.43,169.11666666666667,212.68690574488764,125.54642758844571,
295,196.07,119.2,192.43,169.23333333333335,212.6016770108746,125.86498965579209,
296,196.07,119.0,190.96,168.67666666666668,211.77372495761426,125.57960837571909,
297,196.07,119.07,190.96,168.7,211.7567149234588,125.64328507654119,
298,196.07,118.55,190.96,168.52666666666667,211.88307834168117,125.17025499165217,
299,196.07,118.33,190.96,168.45333333333332,211.9365419699247,124.97012469674196,
300,196.07,118.2,189.92,168.06333333333333,211.35559168668482,124.77107497998183,
301,196.07,118.13,189.92,168.04,211.37257089072835,124.70742910927163,
302,196.67,117.88,189.92,168.15666666666667,211.82814515472947,124.48518817860386,
303,196.67,117.93,189.92,168.17333333333332,211.81603069879566,124.53063596787099,
304,196.67,117.81,189.92,168.13333333333333,211.84510558444816,124.42156108221849,
305,196.67,117.84,189.92,168.14333333333332,211.83783680154238,124.44882986512427,
306,196.67,117.26,189.92,167.95,211.97837380599015,123.92162619400983,
307,196.67,117.13,189.92,167.90666666666667,212.00987554463077,123.80345778870256,
308,196.67,117.09,189.92,167.89333333333332,212.01956853795204,123.7670981287146,
309,196.67,117.54,189.92,168.04333333333332,211.91052646593906,124.17614020072759,
310,196.67,117.15,189.92,167.91333333333333,212.00502907451948,123.82163759214718,
311,196.67,116.94,190.01,167.87333333333333,212.10841255032278,123.63825411634387,
312,196.67,116.68,188.66,167.33666666666667,211.38906085056243,123.28427248277092,
313,196.67,116.29,188.66,167.20666666666665,211.48329970637883,122.93003362695447,
314,196.67,115.92,188.66,167.08333333333331,211.57271446336628,122.59395220330035,
315,195.87,115.43,188.66,166.65333333333334,211.1602814800366,122.14638518663007,
316,195.87,115.12,188.66,166.55,211.2353409967967,121.86465900320331,
317,195.87,114.69,188.66,166.40666666666667,211.33946352300907,121.47386981032426,
318,195.87,114.59,188.66,166.37333333333333,211.3636793348183,121.38298733184837,
319,195.87,113.72,188.66,166.08333333333334,211.57437677413972,120.59228989252696,
320,195.87,112.97,188.66,165.83333333333334,211.7560404980175,119.91062616864919,
321,195.87,113.14,188.8,165.93666666666667,211.79636829383966,120.07696503949367,
322,195.87,112.79,188.8,165.82,211.88117562546574,119.75882437453424,
323,195.87,113.1,188.91,165.96,211.8701851444753,120.04981485552472,
324,195.87,112.88,189.03,165.92666666666668,211.993553183267,119.85978015006634,
325,195.87,112.55,187.94,165.45333333333332,211.44021443363553,119.4664522330311,
326,195.87,113.41,188.01,165.76333333333332,211.27265692019114,120.2540097464755,
327,195.87,113.35,188.01,165.74333333333334,211.287168627842,120.19949803882467,
328,195.87,113.11,188.02,165.66666666666669,211.35099694886884,119.98233638446453,
329,195.87,112.48,188.06,165.47,211.5265315671947,119.41346843280532,
330,197.42,112.25,188.39,166.01999999999998,212.8045583499513,119.23544165004867,
331,197.42,112.1,188.01,165.84333333333333,212.62363296184503,119.06303370482162,
332,197.42,112.01,188.12,165.85,212.70810175412572,118.99189824587428,
333,197.42,111.5,188.22,165.71333333333334,212.88826452918494,118.53840213748174,
334,197.42,110.43,188.22,165.35666666666665,213.1464567199127,117.56687661342063,
335,197.42,110.14,188.22,165.26,213.21644690758478,117.3035530924152,
336,197.42,110.33,188.22,165.32333333333332,213.17059065633288,117.47607601033378,
337,197.42,110.07,188.49,165.32666666666665,213.38819632743935,117.26513700589396,
338,197.42,109.64,189.04,165.36666666666667,213.8089223256813,116.92441100765207,
339,197.42,109.83,189.04,165.43,213.7629711480683,117.09702885193174,
340,197.42,109.84,189.1,165.45333333333332,213.79521717471184,117.1114494919548,
341,197.42,110.84,189.26,165.84,213.64581972940113,118.03418027059887,
342,197.42,110.94,188.8,165.72,213.3562509020179,118.0837490979821,
343,197.42,110.73,187.58,165.24333333333334,212.7089422869045,117.77772437976219,
344,197.42,110.16,187.59,165.05666666666667,212.85196176287184,117.2613715704615,
345,197.42,109.66,187.87,164.98333333333332,213.13210313416346,116.83456353250317,
346,197.42,110.03,188.19,165.21333333333334,213.22581539095387,117.20085127571281,
347,197.42,109.81,188.33,165.18666666666667,213.35915293562869,117.01418039770465,
348,197.42,109.57,188.56,165.18333333333334,213.5491997406803,116.81746692598637,
349,197.42,109.45,188.73,165.2,213.67603428499487,116.72396571500511,
350,197.42,109.05,188.73,165.06666666666666,213.77271591450992,116.36061741882341,
351,197.42,108.63,188.91,164.98666666666665,213.97809891081863,115.99523442251468,
352,197.42,108.96,189.1,165.16,214.0080869635649,116.31191303643509,
353,197.42,108.74,189.24,165.13333333333333,214.1423542716599,116.12431239500674,
354,197.42,108.68,189.35,165.15,214.22063174649375,116.07936825350626,
355,197.42,108.64,189.35,165.13666666666666,214.2303142530228,116.0430190803105,
356,197.42,108.88,188.47,164.92333333333332,213.6641481945288,116.18251847213784,
357,197.42,109.45,188.72,165.19666666666666,213.67027426227824,116.72305907105508,
358,197.42,109.23,188.87,165.17333333333335,213.80992483945488,116.53674182721181,
359,196.1,108.53,188.93,164.52,213.14110961300656,115.89889038699344,
360,196.1,107.88,188.93,164.30333333333334,213.29870692445246,115.30795974221421,
361,196.1,107.36,188.93,164.13,213.4247958713696,114.83520412863037,
362,196.1,106.94,189.04,164.02666666666667,213.59103424392254,114.4622990894108,
363,196.1,107.68,189.04,164.27333333333334,213.41155606608316,115.13511060058352,
364,196.1,107.37,188.71,164.06,213.29383084831,114.82616915169002,
365,197.18,107.37,188.71,164.42000000000002,214.0079229248413,114.83207707515874,
366,197.18,107.38,188.96,164.50666666666666,214.15023758308377,114.86309575024956,
367,197.18,107.23,188.96,164.45666666666668,214.1865433338507,114.72678999948266,
368,197.18,108.11,188.96,164.75,213.9735644788144,115.52643552118559,
369,197.18,108.17,188.96,164.77,213.95904451196427,115.58095548803576,
370,197.18,107.82,188.97,164.65666666666667,214.04954098405514,115.26379234927819,
371,197.18,107.75,188.97,164.63333333333333,214.06648246762714,115.20018419903951,
372,197.18,107.24,188.99,164.47,214.20151616429968,114.73848383570032,
373,197.18,106.91,188.99,164.36,214.28139721602352,114.4386027839765,
374,197.18,107.35,188.99,164.50666666666666,214.17489024405398,114.83844308927934,
375,197.88,106.93,188.99,164.6,214.74109791378723,114.45890208621276,
376,196.3,106.68,188.99,163.99,213.7563149128002,114.22368508719981,
377,196.3,106.23,188.99,163.84,213.86542453592972,113.81457546407027,
378,196.3,106.95,188.99,164.08,213.69085264334814,114.4691473566519,
379,196.3,106.78,188.99,164.02333333333334,213.7320693194086,114.31459734725809,
380,196.3,106.62,190.33,164.41666666666669,214.55897647917266,114.2743568541607,
381,196.3,106.8,190.33,164.4766666666667,214.51523812242803,114.43809521090535,
382,196.3,106.22,190.33,164.28333333333333,214.65617555345563,113.91049111321105,
383,196.3,106.12,190.33,164.25,214.68047590495257,113.81952409504744,
384,196.3,105.67,190.34,164.10333333333335,214.79575124107706,113.41091542558965,
385,196.3,105.78,190.34,164.14000000000001,214.76901934661583,113.51098065338418,
386,196.3,106.3,190.34,164.31333333333333,214.6426541446987,113.98401252196797,
387,194.93,106.03,190.34,163.76666666666668,213.82072777396678,113.71260555936657,
388,194.93,106.16,190.34,163.81,213.7890846254711,113.83091537452891,
389,194.93,106.13,190.34,163.8,213.7963868694529,113.80361313054712,
390,193.22,105.84,190.34,163.13333333333333,212.77170693011158,113.49495973655507,
391,193.22,106.06,189.54,162.94,212.23387791602522,113.64612208397477,
392,193.22,105.58,189.54,162.78,212.35081399372012,113.20918600627988,
393,193.22,105.37,189.54,162.71,212.40197420107194,113.01802579892806,
394,191.83,105.55,189.54,162.30666666666667,211.4727162673142,113.14061706601913,
395,191.83,105.18,189.54,162.18333333333334,211.56294484793858,112.8037218187281,
396,191.83,105.02,191.01,162.62,212.5047481701572,112.73525182984282,
397,191.83,104.88,191.01,162.57333333333332,212.53890781550388,112.60775885116277,
398,191.83,105.13,191.01,162.65666666666667,212.47790845501768,112.83542487831565,
399,191.83,105.05,191.01,162.63,212.49742824730387,112.76257175269612,
400,191.83,105.11,192.05,162.99666666666667,213.12811122328537,112.86522211004797,
401,191.83,104.7,192.05,162.86,213.228157599817,112.49184240018303,
402,191.83,104.67,192.05,162.85000000000002,213.23547806660173,112.46452193339832,
403,191.83,104.52,192.05,162.8,213.27208040095041,112.32791959904962,
404,191.83,104.29,192.05,162.72333333333336,213.3282039816547,112.11846268501202,
405,191.83,104.08,192.05,162.65333333333334,213.3794472524316,111.92721941423508,
406,191.83,103.42,192.05,162.43333333333334,213.54049754084278,111.3261691258239,
407,191.83,103.42,192.05,162.43333333333334,213.54049754084278,111.3261691258239,
408,191.83,103.36,192.05,162.41333333333336,213.55513847681,111.27152818985671,
409,191.83,103.4,192.05,162.42666666666668,213.54537785281977,111.30795548051358,
410,191.83,103.5,192.05,162.46,213.52097629305575,111.39902370694426,
411,191.83,103.27,192.05,162.38333333333333,213.57709988096423,111.18956678570241,
412,191.83,102.84,193.44,162.70333333333335,214.55275023780138,110.85391642886533,
413,191.83,102.53,193.44,162.6,214.6283739895838,110.5716260104162,
414,191.83,102.3,193.44,162.52333333333334,214.68448202978493,110.36218463688175,
415,192.63,102.15,193.44,162.74,215.21404215419278,110.26595784580724,
416,192.63,102.12,193.44,162.73,215.2213621465475,110.23863785345249,
417,192.63,102.44,193.44,162.83666666666667,215.14328224570536,110.53005108762798,
418,192.63,101.96,193.44,162.67666666666668,215.2604021115106,110.09293122182277,
419,192.63,102.61,193.44,162.89333333333332,215.1018023142691,110.68486435239754,
420,192.63,103.19,192.67,162.82999999999998,214.47975895393895,111.18024104606101,
421,192.63,102.68,192.67,162.66,214.6042075692757,110.71579243072429,
422,192.63,103.01,192.67,162.76999999999998,214.5236819946175,111.01631800538244,
423,192.63,102.5,192.67,162.6,214.64813061004207,110.55186938995791,
424,192.63,102.72,192.67,162.67333333333332,214.594446893554,110.75221977311263,
425,192.63,102.98,193.76,163.12333333333333,215.21205220156173,111.03461446510494,
426,192.63,102.71,193.76,163.03333333333333,215.2779276310531,110.78873903561356,
427,192.63,102.48,193.76,162.95666666666665,215.33404378058228,110.57928955275102,
428,192.63,102.34,193.76,162.91,215.36820145601638,110.45179854398361,
429,192.63,102.68,193.76,163.02333333333334,215.2852471265856,110.76141954008106,
430,191.2,102.57,193.76,162.51,214.43534159733568,110.5846584026643,
431,191.2,102.48,194.14,162.60666666666665,214.69863277789472,110.5147005554386,
432,190.64,101.61,194.14,162.13,214.57106501588234,109.68893498411765,
433,190.64,101.65,194.14,162.14333333333332,214.56131720655503,109.7253494601116,
434,190.64,102.69,194.14,162.48999999999998,214.3078781889031,110.67212181109689,
435,190.64,102.74,194.14,162.50666666666666,214.2956938185,110.71763951483331,
436,190.64,102.76,194.14,162.51333333333332,214.29082007548152,110.73584659118512,
437,190.64,102.69,194.07,162.46666666666667,214.26317845398043,110.6701548793529,
438,190.64,102.11,194.07,162.2733333333333,214.40452585118516,110.14214081548147,
439,190.64,101.98,194.07,162.23,214.43620748531728,110.0237925146827,
440,190.64,101.93,194.07,162.21333333333334,214.44839276024825,109.97827390641842,
441,190.64,102.07,194.07,162.26,214.41427403386993,110.10572596613005,
442,190.64,102.37,195.63,162.88,215.34255903022648,110.41744096977351,
443,190.64,102.42,197.1,163.38666666666666,216.2840553860858,110.4892779472475,
444,190.64,102.52,197.1,163.42,216.25976154374655,110.58023845625341,
445,190.64,102.94,197.1,163.56,216.1577299890404,110.9622700109596,
446,190.64,102.84,196.32,163.26666666666665,215.67470167403297,110.85863165930034,
447,190.64,102.66,196.32,163.20666666666665,215.71847232342665,110.69486100990665,
448,190.64,102.62,196.32,163.19333333333333,215.7281992162242,110.65846745044244,
449,190.64,102.04,196.32,163.0,215.8692424761316,110.1307575238684,
450,190.64,102.3,196.32,163.08666666666664,215.8060154233929,110.3673179099404,
451,190.64,102.34,196.32,163.1,215.79628829433813,110.40371170566186,
452,190.64,102.23,196.36,163.07666666666665,215.84898169389785,110.30435163943545,
453,190.64,101.8,196.36,162.93333333333334,215.95354583133576,109.9131208353309,
454,190.64,102.06,196.36,163.02,215.89032059672044,110.14967940327958,
455,190.64,102.18,196.36,163.06,215.86114013920533,110.25885986079467,
456,190.64,101.93,197.24,163.27,216.49439947993778,110.04560052006224,
457,190.64,102.02,197.24,163.3,216.47253802481129,110.12746197518874,
458,190.64,102.02,197.24,163.3,216.47253802481129,110.12746197518874,
459,191.96,102.29,197.25,163.83333333333334,217.1970141783925,110.46965248827419,
460,191.96,102.79,197.25,164.0,217.0753624575471,110.9246375424529,
461,191.96,103.1,197.25,164.10333333333332,216.9999403448736,111.20672632179303,
462,191.96,102.98,197.25,164.06333333333333,217.02913582261252,111.09753084405415,
463,191.96,103.06,197.25,164.09,217.00967214562087,111.17032785437914,
464,191.96,102.91,197.58,164.15,217.25978535072423,111.04021464927578,
465,191.96,103.0,197.58,164.18,217.2378966790053,111.12210332099471,
466,191.96,102.96,197.58,164.16666666666669,217.24762495995049,111.08570837338289,
467,191.96,102.19,197.58,163.91,217.43489981307766,110.38510018692233,
468,191.96,102.2,197.58,163.91333333333336,217.4324676063514,110.39419906031532,
469,191.96,102.26,197.58,163.93333333333334,217.41787440206957,110.4487922645971,
470,191.96,102.48,197.58,164.00666666666666,217.36436651714124,110.64896681619209,
471,191.96,102.87,197.58,164.13666666666668,217.26951369497237,111.003819638361,
472,191.96,103.02,197.58,164.18666666666667,217.23303254910326,111.14030078423006,
473,191.96,103.01,197.58,164.18333333333334,217.23546461317292,111.13120205349375,
474,190.28,103.27,197.58,163.71,216.17968362778646,111.24031637221356,
475,190.28,103.27,197.58,163.71,216.17968362778646,111.24031637221356,
476,191.86,102.72,197.58,164.05333333333334,217.24649956108607,110.86016710558062,
477,191.86,103.03,197.58,164.15666666666667,217.17111406860923,111.1422192647241,
478,191.86,103.12,197.58,164.18666666666667,217.14922828648764,111.2241050468457,
479,191.36,103.18,197.58,164.04000000000002,216.837981022005,111.24201897799502,
480,191.36,103.34,197.58,164.09333333333333,216.7990989888414,111.38756767782527,
481,191.36,102.92,196.62,163.63333333333333,216.2783571564197,110.98830951024694,
482,191.36,102.56,196.62,163.51333333333335,216.36594474784468,110.66072191882202,
483,191.36,102.7,196.62,163.56,216.33188266491922,110.78811733508078,
484,191.36,103.12,196.62,163.70000000000002,216.22969826679002,111.17030173321001,
485,191.36,103.04,196.62,163.67333333333335,216.24916174652463,111.09750492014206,
486,191.36,103.21,196.62,163.73000000000002,216.207801973787,111.25219802621304,
487,192.73,103.35,196.62,164.23333333333332,216.99570850099738,111.47095816566926,
488,192.73,103.34,196.62,164.23,216.9981447466177,111.46185525338227,
489,192.73,103.19,196.62,164.18,217.03468853375261,111.3253114662474,
490,194.44,103.37,196.62,164.81,218.02976418587366,111.59023581412634,
491,194.44,103.84,197.42,165.23333333333332,218.42239361205353,112.04427305461311,
492,192.76,103.43,197.42,164.53666666666666,217.50786103996103,111.5654722933723,
493,192.76,103.55,197.42,164.57666666666665,217.47864615074013,111.67468718259316,
494,194.15,104.1,197.42,165.22333333333333,218.18293712087439,112.26372954579227,
495,194.15,104.15,197.42,165.24,218.17075004191798,112.30924995808203,
496,194.13,103.44,197.42,164.99666666666667,218.33167799443646,111.66165533889688,
497,194.13,103.0,196.32,164.48333333333332,217.74071998845687,111.22594667820977,
498,193.96,102.95,196.32,164.41,217.64899980277616,111.17100019722383,
499,193.95,103.01,196.13,164.36333333333334,217.50805775009303,111.21860891657366,
500,193.95,103.04,195.94,164.31,217.38070472492333,111.23929527507667,
501,193.89,103.43,195.94,164.42,217.24883398296802,111.59116601703195,
502,193.89,103.05,195.7,164.2133333333333,217.19006438889517,111.23660227777145,
503,193.89,103.04,195.64,164.19,217.15468162842103,111.22531837157898,
504,193.89,103.39,195.64,164.30666666666667,217.06930338369716,111.5440299496362,
505,193.89,103.58,193.76,163.74333333333334,215.8463489210451,111.64031774562159,
506,193.61,104.38,193.57,163.85333333333332,215.35875473082638,112.34791193584029,
507,192.09,103.85,193.57,163.17,214.54795636262696,111.79204363737303,
508,192.09,103.87,193.57,163.17666666666668,214.54307722194426,111.8102561113891,
509,192.08,103.69,193.57,163.11333333333334,214.580841854082,111.6458248125847,
510,192.08,104.15,193.28,163.17000000000002,214.28634083147972,112.05365916852031,
511,192.08,104.46,193.12,163.22,214.11030949011806,112.32969050988194,
512,192.08,104.55,193.12,163.25,214.0883506813508,112.41164931864921,
513,192.08,105.04,193.04,163.38666666666666,213.91864202221092,112.8546913111224,
514,190.45,105.06,193.04,162.85,212.9143595784466,112.78564042155338,
515,190.33,105.33,193.04,162.9,212.77549197752342,113.02450802247661,
516,190.33,105.32,192.92,162.85666666666665,212.7017068746285,113.0116264587048,
517,190.33,105.66,192.77,162.92000000000002,212.52361982758921,113.31638017241082,
518,190.33,106.15,192.43,162.97,212.1887647142835,113.75123528571649,
519,190.33,106.42,192.31,163.02,212.0470343790036,113.99296562099642,
520,190.33,106.52,192.68,163.17666666666668,212.2568463050231,114.09648702831028,
521,188.54,107.05,192.61,162.73333333333335,210.9994335832327,114.467233083434,
522,188.26,106.77,192.58,162.53666666666666,210.88029534029164,114.1930379930417,
523,188.2,107.41,192.58,162.73,210.688553981537,114.77144601846297,
524,188.2,107.2,192.4,162.6,210.62374412725438,114.5762558727456,
525,188.2,107.16,190.54,161.96666666666667,209.44505052009342,114.48828281323992,
526,188.12,107.18,189.05,161.45000000000002,208.45149891226876,114.44850108773127,
527,188.12,107.26,188.76,161.38,208.25038723970604,114.50961276029395,
528,186.35,107.6,188.67,160.87333333333333,207.02397399338628,114.72269267328038,
529,186.15,108.31,188.4,160.95333333333335,206.55767559734736,115.34899106931934,
530,187.58,107.88,186.64,160.7,206.44587631688785,114.95412368311214,
531,187.49,108.24,184.88,160.20333333333332,205.2238179301625,115.18284873650414,
532,188.04,109.19,183.07,160.1,204.2593285727942,115.94067142720579,
533,187.71,109.33,182.72,159.92000000000002,203.8032097732151,116.03679022678493,
534,187.51,109.45,182.3,159.75333333333333,203.39511415553778,116.11155251112888,
535,187.51,109.53,182.26,159.76666666666665,203.3520155047032,116.18131782863011,
536,187.32,109.68,181.98,159.66,203.02622187832367,116.29377812167633,
537,185.61,109.66,181.62,158.96333333333334,201.70785383986532,116.21881282680135,
538,185.55,110.4,181.32,159.09,201.30978564606883,116.87021435393117,
539,185.43,110.49,180.44,158.78666666666666,200.6871563217212,116.88617701161212,
540,185.13,110.84,180.15,158.70666666666668,200.23513200471322,117.17820132862013,
541,184.85,110.4,179.75,158.33333333333334,199.92306563991752,116.74360102674916,
542,184.22,110.3,179.62,158.04666666666668,199.46040995718963,116.63292337614374,
543,184.07,110.57,179.21,157.95,199.05417497043334,116.84582502956663,
544,183.97,110.89,177.32,157.39333333333332,197.80342654447713,116.98324012218949,
545,183.67,111.11,175.46,156.74666666666667,196.48179008831133,117.01154324502201,
546,183.37,111.32,175.95,156.88,196.5101564468272,117.24984355317278,
547,183.35,112.05,175.79,157.06333333333333,196.22886069264936,117.8978059740173,
548,183.22,113.03,175.46,157.23666666666668,195.71687499943604,118.75645833389731,
549,183.02,113.85,174.28,157.05,194.7166550147475,119.38334498525253,
550,182.85,114.51,173.78,157.04666666666668,194.16259631059899,119.93073702273438,
551,182.68,115.24,171.91,156.61,192.83990339484777,120.38009660515226,
552,182.63,115.96,171.7,156.76333333333332,192.52015412788012,121.00651253878654,
553,182.51,117.05,171.39,156.98333333333332,192.01070739039523,121.95595927627141,
554,182.22,117.53,170.94,156.89666666666668,191.45256968385513,122.34076364947823,
555,182.06,118.31,170.45,156.94,190.89446509665555,122.98553490334444,
556,182.05,119.32,168.65,156.67333333333335,189.70882384480197,123.63784282186472,
557,181.68,120.03,168.14,156.61666666666667,189.016836933709,124.21649639962436,
558,181.66,120.83,166.46,156.31666666666666,187.97480358805439,124.65852974527893,
559,181.65,121.79,165.81,156.41666666666669,187.43248413668243,125.40084919665095,
560,181.62,122.48,165.36,156.48666666666668,187.03886680566376,125.9344665276696,
561,181.62,123.37,164.82,156.60333333333332,186.58500829210328,126.62165837456337,
562,181.47,124.27,164.45,156.73,186.1010537774864,127.35894622251355,
563,181.47,125.21,163.97,156.88333333333333,185.67504278819783,128.09162387846882,
564,181.47,125.94,163.54,156.98333333333332,185.32301634732156,128.64365031934508,
565,181.43,126.63,163.07,157.04333333333332,184.93599425575758,129.15067241090907,
566,181.43,127.45,161.49,156.79000000000002,184.08519371611055,129.4948062838895,
567,181.43,128.86,161.17,157.15333333333334,183.66750753004052,130.63915913662615,
568,181.43,129.7,160.6,157.24333333333334,183.27117675789185,131.21548990877483,
569,181.43,130.45,158.85,156.91,182.45530876697325,131.36469123302675,
570,181.43,131.07,157.03,156.51,181.6940266835945,131.32597331640548,
571,181.43,131.5,156.58,156.50333333333333,181.46842162345027,131.5382450432164,
572,181.43,132.62,154.69,156.24666666666667,180.6888726500335,131.80446068329985,
573,181.43,133.54,152.84,155.93666666666667,180.03137632113925,131.8419570121941,
574,183.11,134.27,151.69,156.35666666666668,181.10883290183352,131.60450043149984,
575,183.11,135.36,151.28,156.58333333333334,180.8960796474241,132.27058701924258,
576,181.43,137.02,149.41,155.95333333333335,178.8699961212118,133.03667054545488,
577,181.29,137.89,147.58,155.58666666666667,178.36758046162524,132.8057528717081,
578,181.29,138.95,147.33,155.85666666666665,178.27757060324632,133.435762730087,
579,181.79,139.73,146.9,156.14,178.6409799786587,133.63902002134128,
580,181.79,140.49,145.38,155.88666666666666,178.45246010127323,133.32087323206008,
581,181.79,141.66,145.96,156.47,178.50291401517285,134.43708598482715,
582,181.79,143.35,145.46,156.86666666666667,178.47667437914407,135.25665895418928,
583,181.79,143.94,145.1,156.94333333333333,178.4689932148174,135.41767345184925,
584,181.79,144.51,144.68,156.99333333333334,178.46804481761953,135.51862184904715,
585,181.79,145.4,144.2,157.13,178.49461326586558,135.7653867341344,
586,181.79,146.13,143.86,157.26,178.53390185179953,135.98609814820045,
587,181.79,147.02,142.0,156.93666666666667,178.60614366389328,135.26718966944006,
588,181.79,147.82,140.28,156.63,178.74293965080173,134.51706034919826,
589,181.79,148.85,139.78,156.80666666666667,178.91303301967307,134.70030031366028,
590,181.79,149.62,139.18,156.86333333333334,179.0726204298012,134.6540462368655,
591,181.79,150.09,138.89,156.92333333333332,179.17470033253886,134.67196633412777,
592,183.47,151.59,138.74,157.93333333333334,180.96313214559683,134.90353452106984,
593,183.47,152.45,136.92,157.61333333333332,181.3139795973771,133.91268706928952,
594,183.47,153.4,135.06,157.31,181.75070579995594,132.86929420004407,
595,183.47,154.3,134.65,157.47333333333333,182.03754781972253,132.90911884694412,
596,182.36,155.89,134.26,157.50333333333333,181.59388403964417,133.4127826270225,
597,182.36,157.03,134.98,158.12333333333333,181.83224797178386,134.4144186948828,
598,182.53,157.99,134.64,158.38666666666666,182.33413069385196,134.43920263948135,
599,182.54,158.79,134.38,158.57,182.65075372574537,134.4892462742546,
600,182.54,159.52,134.22,158.76,182.92896356900724,134.59103643099274,
601,182.6,160.3,133.82,158.90666666666667,183.3264974059108,134.48683592742253,
602,182.6,161.62,133.72,159.31333333333333,183.8348368217684,134.79182984489827,
603,182.6,162.46,131.98,159.01333333333332,184.49873569102297,133.52793097564367,
604,182.6,163.25,130.13,158.66,185.19443611611146,132.12556388388853,
605,182.6,163.87,131.68,159.38333333333333,185.13812382623644,133.6285428404302,
606,182.88,164.67,131.44,159.66333333333333,185.74624791996135,133.5804187467053,
607,184.4,166.0,129.55,159.98333333333335,187.89893530308018,132.06773136358652,
608,184.4,166.91,129.15,160.15333333333334,188.39125169381688,131.9154149728498,
609,184.41,167.91,127.34,159.88666666666666,189.2554704103218,130.5178629230115,
610,184.41,168.55,126.97,159.97666666666666,189.64086956061502,130.3124637727183,
611,184.41,169.15,126.7,160.08666666666667,189.9901620030539,130.18317133027944,
612,184.41,170.33,126.35,160.36333333333334,190.6493322987519,130.0773343679148,
613,184.41,171.01,126.08,160.5,191.05228796669735,129.94771203330265,
614,186.04,171.99,125.54,161.19,192.8529515364566,129.5270484635434,
615,186.16,172.73,123.69,160.85999999999999,193.74309444076087,127.9769055592391,
616,186.16,173.62,123.42,161.06666666666666,194.26706626265548,127.86626707067786,
617,186.16,174.27,123.31,161.24666666666667,194.63432955782054,127.8590037755128,
618,186.16,175.23,121.83,161.07333333333332,195.4956463487792,126.65102031788747,
619,186.16,175.84,121.55,161.18333333333334,195.89250263098916,126.47416403567752,
620,186.16,176.52,121.71,161.46333333333334,196.22650397890786,126.70016268775882,
621,187.95,177.17,121.63,162.25,197.83848690236772,126.66151309763227,
622,188.23,178.1,119.77,162.03333333333333,198.98324853395772,125.08341813270894,
623,188.29,178.76,117.98,161.67666666666668,199.8179072512797,123.53542608205365,
624,188.29,179.61,117.85,161.91666666666666,200.32550592709384,123.50782740623947,
625,188.29,180.32,117.91,162.17333333333332,200.71308207840602,123.63358458826062,
626,187.25,181.34,117.55,162.04666666666668,200.69504351917283,123.39828981416053,
627,187.25,182.2,116.0,161.81666666666666,201.57532400482802,122.05800932850529,
628,189.02,182.8,115.79,162.5366666666667,203.13974824101686,121.93358509231652,
629,189.22,183.23,115.84,162.76333333333332,203.51035081109887,122.01631585556775,
630,189.22,184.51,117.14,163.62333333333333,203.94790689999778,123.2987597666689,
631,189.31,185.17,117.92,164.13333333333333,204.20875015378988,124.05791651287676,
632,189.32,185.87,119.5,164.89666666666668,204.24915875209035,125.544174581243,
633,189.63,186.67,119.61,165.30333333333334,204.90258753506464,125.70407913160206,
634,189.83,187.38,119.76,165.65666666666667,205.42321835691678,125.89011497641656,
635,189.83,188.15,119.52,165.83333333333334,205.9506517049959,125.7160149616708,
636,190.02,188.68,119.48,166.06,206.40502695500402,125.71497304499599,
637,189.87,189.65,118.86,166.12666666666667,207.06094855035596,125.19238478297737,
638,189.93,190.38,118.95,166.42000000000002,207.53084163575346,125.30915836424656,
639,190.05,191.14,118.0,166.39666666666668,208.31295268216826,124.48038065116509,
640,190.35,191.55,118.07,166.65666666666667,208.73823191005243,124.5751014232809,
641,190.63,192.62,118.18,167.14333333333335,209.55849610955445,124.72817055711224,
642,191.26,193.45,118.09,167.6,210.4908976357455,124.70910236425449,
643,191.41,193.96,118.36,167.91,210.8404961536668,124.97950384633319,
644,191.51,194.65,118.37,168.17666666666668,211.33906851518913,125.01426481814424,
645,191.81,195.2,120.05,169.01999999999998,211.46312311788563,126.57687688211433,
646,192.11,195.9,118.48,168.83,212.4755369997896,125.18446300021044,
647,192.13,196.36,118.39,168.96,212.80594508047466,125.11405491952534,
648,192.26,196.46,118.55,169.09,212.9092731569112,125.2707268430888,
649,192.46,196.94,119.73,169.71,213.0518723638008,126.3681276361992,
650,192.63,197.09,119.97,169.89666666666668,213.19189658098094,126.60143675235241,
651,192.8,197.29,120.05,170.04666666666668,213.4032121163832,126.69012121695016,
652,192.85,197.59,119.92,170.12,213.65902732032492,126.58097267967509,
653,192.97,197.74,118.38,169.69666666666666,214.2021543432817,125.19117899005161,
654,193.26,197.96,118.69,169.97,214.44191585708896,125.49808414291104,
655,193.42,198.01,118.93,170.12,214.5112052100413,125.7287947899587,
656,193.43,198.14,120.6,170.72333333333333,214.19524878841,127.25141787825666,
657,193.3,198.44,121.11,170.95,214.18915008415405,127.71084991584593,
658,193.32,198.67,122.62,171.53666666666666,213.9841145679638,129.08921876536954,
659,193.21,198.67,121.4,171.09333333333333,214.21552522258372,127.97114144408295,
660,193.24,198.67,120.8,170.90333333333334,214.37894987103562,127.42771679563104,
661,193.24,198.67,119.47,170.46,214.70201961936186,126.21798038063815,
662,193.39,198.88,119.73,170.66666666666666,214.8644384807902,126.46889485254312,
663,193.39,198.88,118.33,170.2,215.20452977201293,125.19547022798704,
664,193.39,199.18,116.9,169.82333333333332,215.74762356555502,123.89904310111163,
665,193.43,199.18,115.49,169.36666666666667,216.1137204062697,122.61961292706364,
666,193.43,199.18,115.29,169.3,216.16230574779692,122.4376942522031,
667,193.28,199.36,113.73,168.79000000000002,216.5701663873202,121.00983361267984,
668,193.28,199.36,114.04,168.89333333333335,216.49488512876678,121.2917815378999,
669,193.28,199.36,115.28,169.30666666666667,216.19378785504136,122.419545478292,
670,193.27,199.53,115.19,169.33,216.32097360132053,122.33902639867951,
671,193.27,199.53,113.76,168.85333333333335,216.6681159150134,121.0385507516533,
672,193.27,199.53,115.46,169.42000000000002,216.25543637033823,122.5845636296618,
673,193.26,199.53,117.23,170.00666666666666,215.81999042006106,124.19334291327225,
674,193.26,199.53,116.61,169.8,215.9704483409031,123.62955165909693,
675,193.26,199.53,116.95,169.91333333333333,215.88793755493955,123.9387291117271,
676,193.08,199.53,116.95,169.85333333333335,215.78232889532376,123.92433777134296,
677,191.64,199.53,116.9,169.35666666666665,214.9564411544131,123.7568921789202,
678,191.55,199.53,116.91,169.33,214.90205722808662,123.7579427719134,
679,191.34,199.53,117.15,169.34,214.7229935107855,123.95700648921449,
680,191.34,199.53,118.44,169.77,214.41130038428543,125.1286996157146,
681,191.34,199.53,118.51,169.79333333333335,214.39438974832575,125.19227691834097,
682,191.23,199.53,117.16,169.30666666666667,214.65728555255768,123.95604778077566,
683,191.23,199.73,117.34,169.43333333333334,214.74722781762296,124.11943884904372,
684,191.23,199.91,117.67,169.60333333333332,214.7878321502211,124.41883451644554,
685,191.23,199.91,116.25,169.13,215.13061303939327,123.12938696060671,
686,191.23,199.91,116.47,169.20333333333332,215.07749744924212,123.32916921742454,
687,191.23,199.91,116.55,169.23,215.05818346825453,123.40181653174544,
688,191.23,199.91,116.45,169.19666666666666,215.08232600957393,123.31100732375938,
689,191.23,199.91,116.9,169.34666666666666,214.9736897268372,123.71964360649613,
690,189.48,199.91,117.48,168.95666666666665,213.84075776065376,124.07257557267954,
691,189.48,199.91,117.74,169.04333333333332,213.7783334264744,124.30833324019224,
692,189.48,199.91,117.63,169.00666666666666,213.80474289024275,124.20859044309057,
693,189.48,199.91,119.37,169.58666666666667,213.38713964737013,125.78619368596323,
694,189.48,199.97,121.21,170.22,212.98675227323207,127.45324772676793,
695,187.79,200.0,119.81,169.2,212.40648215256593,125.99351784743405,
696,188.92,200.0,118.4,169.10666666666665,213.36800570349803,124.84532762983528,
697,188.92,200.0,118.59,169.17,213.32250729007356,125.01749270992642,
698,188.92,200.0,118.68,169.2,213.300956905718,125.09904309428195,
699,188.92,200.0,118.8,169.24,213.27222456338086,125.20777543661916,
700,188.92,200.0,117.27,168.73,213.6386884689366,123.82131153106337,
701,188.92,199.15,117.47,168.51333333333332,213.0131044937936,124.01356217287304,
702,187.22,199.15,117.65,168.00666666666666,212.02287542359318,123.99045790974016,
703,187.22,199.15,119.26,168.54333333333335,211.63876735288272,125.44789931378398,
704,187.22,199.15,120.87,169.08,211.25504356844223,126.90495643155779,
705,187.22,199.15,121.16,169.17666666666668,211.18596841441456,127.16736491891879,
706,187.22,199.15,121.59,169.32,211.08357144689614,127.55642855310384,
707,187.22,199.15,123.3,169.89,210.67666816497763,129.10333183502235,
708,187.22,199.15,123.7,170.02333333333334,210.58155855748896,129.46510810917772,
709,187.22,199.15,125.38,170.58333333333334,210.18241455163098,130.9842521150357,
710,187.22,199.15,124.23,170.2,210.45558222160003,129.94441777839995,
711,187.22,199.15,124.49,170.28666666666666,210.3938011109689,130.17953222236443,
712,187.22,199.15,124.69,170.35333333333332,210.34628562912332,130.36038103754333,
713,187.22,199.15,123.17,169.84666666666666,210.70758483223574,128.9857485010976,
714,187.22,199.15,122.86,169.74333333333334,210.78132101954102,128.70534564712565,
715,187.22,199.15,124.52,170.29666666666668,210.3866733183665,130.20666001496687,
716,187.22,199.15,124.91,170.42666666666668,210.29402716787536,130.559306165458,
717,187.22,199.15,125.1,170.49,210.24890214782096,130.73109785217906,
718,187.22,199.15,126.9,171.09,209.8217479595228,132.3582520404772,
719,187.22,199.15,125.51,170.62666666666667,210.15155038987746,131.10178294345587,
720,187.22,199.15,125.47,170.61333333333334,210.1610467101309,131.06561995653578,
721,187.22,199.15,125.62,170.66333333333333,210.1254370954661,131.20122957120054,
722,187.22,199.15,127.44,171.27,209.69372834590627,132.84627165409375,
723,187.22,199.15,129.16,171.84333333333333,209.28637585572102,134.40029081094565,
724,186.87,199.15,129.28,171.76666666666668,209.06998063919912,134.46335269413424,
725,185.36,199.15,130.89,171.8,207.89379586577175,135.70620413422827,
726,186.45,199.15,131.01,172.20333333333332,208.43854456955125,135.96812209711538,
727,186.45,199.15,130.98,172.19333333333333,208.4455971706902,135.94106949597645,
728,186.45,199.15,131.25,172.28333333333333,208.38213294403138,136.18453372263528,
729,186.45,199.15,130.18,171.92666666666668,208.63375907853353,135.21957425479982,
730,186.45,199.15,130.52,172.04,208.55376863595427,135.5262313640457,
731,186.45,199.15,131.22,172.27333333333334,208.3891835009998,136.1574831656669,
732,186.45,199.15,131.03,172.21,208.4338429766915,135.98615702330852,
733,186.47,199.15,130.95,172.19,208.46325185312176,135.91674814687823,
734,186.47,199.15,129.41,171.67666666666668,208.82567652336854,134.5276568099648,
735,186.47,199.15,127.79,171.13666666666666,209.20759695912645,133.06573637420686,
736,186.47,199.15,126.28,170.63333333333333,209.56415959393732,131.70250707272933,
737,188.31,199.15,127.15,171.53666666666666,210.3568744627789,132.71645887055442,
738,186.58,199.15,127.36,171.03,209.36800855547926,132.69199144452074,
739,186.58,199.15,129.13,171.62,208.95030002558246,134.28969997441754,
740,186.58,199.15,129.23,171.65333333333334,208.9267237524156,134.37994291425107,
741,186.58,199.15,129.48,171.73666666666668,208.8677942193459,134.60553911398745,
742,186.55,199.15,129.7,171.8,208.7999662162008,134.80003378379922,
743,186.55,199.15,129.6,171.76666666666668,208.823526130649,134.70980720268437,
744,186.55,199.15,131.48,172.39333333333335,208.3810483668463,136.4056182998204,
745,186.53,199.15,129.89,171.85666666666665,208.74456350741013,134.96876982592318,
746,186.53,199.15,131.58,172.42000000000002,208.3469439279213,136.49305607207873,
747,186.53,199.15,131.64,172.44,208.33284190475868,136.54715809524131,
748,186.32,199.15,131.78,172.41666666666666,208.18894969883183,136.64438363450148,
749,186.32,199.15,131.77,172.41333333333333,208.19129629006596,136.6353703766007,
750,186.32,199.15,132.03,172.5,208.13029469426263,136.86970530573737,
751,186.32,199.15,131.96,172.47666666666666,208.14671619471375,136.80661713861957,
752,186.32,199.15,131.21,172.22666666666666,208.3227527887566,136.13058054457673,
753,186.17,199.15,132.88,172.73333333333332,207.85222046452432,137.61444620214232,
754,186.17,199.15,132.84,172.72,207.8615836296545,137.5784163703455,
755,186.17,199.15,133.09,172.80333333333334,207.8030723799796,137.8035942866871,
756,186.17,199.15,131.38,172.23333333333332,208.20368547691587,136.26298118975078,
757,186.45,199.15,131.38,172.32666666666665,208.35158350672796,136.30174982660535,
758,186.45,199.15,131.43,172.34333333333333,208.33983501520976,136.3468316514569,
759,186.54,199.15,133.3,172.99666666666667,207.94837668682638,138.04495664650696,
760,186.54,199.15,132.53,172.74,208.1290675209167,137.35093247908333,
761,186.54,199.15,134.4,173.36333333333334,207.69056790492874,139.03609876173795,
762,186.5,199.15,134.51,173.38666666666666,207.6438123932641,139.1295209400692,
763,186.5,199.15,136.31,173.98666666666668,207.22300270620832,140.75033062712504,
764,186.5,199.15,138.13,174.59333333333333,206.79871538871862,142.38795127794805,
765,186.39,199.15,139.86,175.13333333333333,206.34007031965302,143.92659634701363,
766,186.39,199.15,141.51,175.68333333333334,205.95818978771365,145.40847687895302,
767,186.54,199.15,141.59,175.76,206.01631669585709,145.5036833041429,
768,186.54,199.15,141.82,175.83666666666667,205.96312071179673,145.7102126215366,
769,186.4,199.15,140.47,175.34,206.20386722366464,144.47613277633536,
770,186.41,199.15,142.38,175.98,205.76752926981356,146.19247073018641,
771,186.41,199.15,144.22,176.59333333333333,205.34401042680946,147.8426562398572,
772,186.41,199.15,144.26,176.60666666666665,205.33482416646697,147.87850916686634,
773,186.3,199.15,144.34,176.59666666666666,205.26110514596246,147.93222818737087,
774,186.3,199.15,145.94,177.13,204.89495452904615,149.36504547095385,
775,186.3,199.15,145.95,177.13333333333333,204.8926711016111,149.37399556505554,
776,188.16,199.15,147.7,178.33666666666667,205.43185135570937,151.24148197762398,
777,189.74,199.15,149.58,179.49,205.81666139106895,153.16333860893107,
778,189.83,199.15,149.82,179.6,205.80785950817045,153.39214049182954,
779,190.04,199.15,149.73,179.64,205.9402680594704,153.33973194052956,
780,190.04,199.15,149.96,179.71666666666667,205.88616099371345,153.5471723396199,
781,190.04,199.15,150.16,179.78333333333333,205.83912795436405,153.72753871230262,
782,190.15,199.15,151.78,180.36,205.5167545601574,155.20324543984262,
783,190.15,199.15,150.12,179.80666666666667,205.906927840328,153.70640549300535,
784,190.15,199.15,150.11,179.80333333333334,205.90928156995813,153.69738509670856,
785,190.09,199.15,152.01,180.41666666666666,205.4311611315431,155.40217220179022,
786,190.09,199.15,152.13,180.45666666666668,205.40302779075316,155.5103055425802,
787,190.09,198.96,153.86,180.97,204.86316429441692,157.07683570558308,
788,190.01,198.96,153.87,180.94666666666666,204.81893160599182,157.0744017273415,
789,190.0,198.96,153.16,180.70666666666668,204.9797903497309,156.43354298360245,
790,191.75,198.96,153.16,181.29,205.91658522816348,156.6634147718365,
791,191.75,198.96,153.04,181.25,205.9451230003011,156.5548769996989,
792,191.75,198.63,153.21,181.19666666666666,205.67673474936066,156.71659858397265,
793,191.63,198.59,153.08,181.1,205.61429582916873,156.58570417083126,
794,191.63,198.59,153.08,181.1,205.61429582916873,156.58570417083126,
795,193.32,198.31,154.89,182.17333333333332,205.93275742848624,158.4139092381804,
796,193.32,198.31,155.97,182.53333333333333,205.67275928415012,159.39390738251655,
797,193.32,197.96,156.07,182.45,205.4132467216637,159.48675327833627,
798,193.18,197.92,156.11,182.40333333333334,205.29703188409906,159.50963478256762,
799,193.18,197.72,156.15,182.35,205.153133556597,159.546866443403,
800,193.18,197.59,158.03,182.93333333333334,204.6126791106702,161.25398755599647,
801,193.18,198.2,156.47,182.61666666666667,205.39903338598128,159.83429994735206,
802,194.88,197.94,156.63,183.15,206.1678995566494,160.13210044335062,
803,194.63,197.79,155.02,182.48,206.3134869458919,158.64651305410808,
804,194.63,197.78,155.2,182.53666666666666,206.2632474007997,158.8100859325336,
805,194.63,197.59,155.14,182.45333333333332,206.15362939336882,158.75303727329782,
806,194.57,197.38,155.14,182.36333333333332,205.98125943477868,158.74540723188795,
807,194.57,197.09,155.32,182.32666666666665,205.74904129720602,158.9042920361273,
808,194.55,196.7,155.31,182.18666666666667,205.48735406711333,158.88597926622,
809,194.55,196.5,155.11,182.05333333333334,205.40730587192584,158.69936079474084,
810,194.55,196.12,156.92,182.53,204.722798381457,160.337201618543,
811,194.29,195.83,157.09,182.40333333333334,204.33884183743083,160.46782482923584,
812,194.09,195.51,157.24,182.28,203.97689609137674,160.58310390862326,
813,194.09,195.28,159.05,182.80666666666667,203.3891454613438,162.22418787198956,
814,193.97,195.07,159.9,182.98,202.97543197832942,162.98456802167055,
815,193.97,194.83,160.05,182.95000000000002,202.7866428611295,163.11335713887053,
816,193.97,194.38,160.05,182.8,202.50314441910226,163.09685558089777,
817,193.97,194.14,160.12,182.74333333333334,202.3358991003107,163.15076756635597,
818,193.97,194.07,160.14,182.72666666666666,202.28735769058844,163.16597564274488,
819,193.97,193.72,161.93,183.20666666666668,201.63322449316627,164.7801088401671,
820,193.97,193.42,162.21,183.2,201.3799532452644,165.02004675473557,
821,193.97,193.1,162.21,183.09333333333333,201.18406116096185,165.00260550570482,
822,193.97,193.1,162.28,183.11666666666667,201.16699168682445,165.0663416465089,
823,193.97,193.0,162.29,183.08666666666667,201.1036373702376,165.06969596309574,
824,194.32,192.76,162.4,183.16,201.15559946209072,165.16440053790927,
825,195.83,192.62,162.59,183.68,202.0148602394455,165.3451397605545,
826,195.86,192.41,164.32,184.19666666666666,201.496580924643,166.8967524086903,
827,195.86,192.25,166.19,184.76666666666668,200.95547246985467,168.5778608634787,
828,195.86,192.25,166.22,184.77666666666667,200.94826007403793,168.6050732592954,
829,195.86,191.94,166.3,184.70000000000002,200.75495562124047,168.64504437875956,
830,195.86,191.9,166.42,184.72666666666666,200.70386708893506,168.74946624439826,
831,195.86,191.65,165.86,184.45666666666668,200.69883503586337,168.21449829747,
832,195.86,191.16,166.28,184.43333333333334,200.32924895129423,168.53741771537244,
833,195.86,191.04,165.56,184.15333333333334,200.43498353634817,167.8716831303185,
834,195.86,190.83,165.6,184.09666666666666,200.31148190870175,167.88185142463158,
835,195.86,190.47,167.5,184.61,199.67078019227426,169.54921980772576,
836,194.3,190.14,169.33,184.59,197.968232319705,171.211767680295,
837,194.32,189.84,169.51,184.55666666666667,197.77858911891747,171.33474421441588,
838,196.05,189.37,169.51,184.97666666666666,198.78133737383433,171.171995959499,
839,196.05,189.04,169.57,184.88666666666666,198.60655126287713,171.16678207045618,
840,196.05,188.9,169.69,184.88,198.51204680156286,171.24795319843713,
841,196.05,188.71,169.73,184.83,198.4122089514188,171.24779104858123,
842,196.08,188.49,169.73,184.76666666666668,198.33051690667352,171.20281642665984,
843,196.08,188.19,169.97,184.74666666666667,198.13791131880163,171.3554220145317,
844,196.08,188.01,169.97,184.68666666666667,198.05515324269066,171.31818009064267,
845,196.1,187.9,171.74,185.24666666666667,197.64152581606135,172.851807517272,
846,196.1,187.9,171.91,185.30333333333334,197.6056109002448,173.00105576642187,
847,196.1,187.39,172.1,185.19666666666666,197.34607131600373,173.0472620173296,
848,196.31,187.39,172.13,185.27666666666667,197.50441107572811,173.04892225760523,
849,196.31,187.05,172.14,185.16666666666666,197.3612323962584,172.9721009370749,
850,195.47,186.71,170.33,184.17000000000002,196.93101876810783,171.4089812318922,
851,195.47,186.43,172.19,184.69666666666666,196.43306020698958,172.96027312634374,
852,195.47,186.25,173.28,185.0,196.14768585850894,173.85231414149106,
853,195.62,186.09,173.46,185.05666666666667,196.17274661120348,173.94058672212986,
854,195.62,186.04,173.64,185.1,196.12010889238397,174.07989110761602,
855,195.62,186.03,173.64,185.09666666666666,196.1163505701792,174.07698276315412,
856,195.62,186.03,175.48,185.71,195.78381258511396,175.63618741488605,
857,195.84,185.86,173.62,185.10666666666668,196.23580559712008,173.9775277362133,
858,195.84,185.63,173.74,185.07,196.13063741382024,174.00936258617975,
859,195.87,185.49,173.74,185.03333333333333,196.10539878352523,173.96126788314143,
860,195.87,185.49,175.56,185.64000000000001,195.79583083750416,175.48416916249587,
861,195.87,185.41,175.56,185.61333333333334,195.76985997059145,175.45680669607523,
862,195.91,185.41,175.56,185.62666666666667,195.80339665882687,175.44993667450646,
863,195.81,185.41,175.64,185.62,195.70663967830714,175.53336032169287,
864,195.81,185.41,175.68,185.63333333333333,195.70019149928228,175.56647516738437,
865,195.92,185.41,175.83,185.72,195.76858696533995,175.67141303466005,
866,195.66,185.41,175.96,185.67666666666668,195.5293735705248,175.82395976280856,
867,195.66,185.37,176.71,185.91333333333333,195.40000995548786,176.4266567111788,
868,195.66,185.37,176.74,185.92333333333335,195.39546262580677,176.45120404085992,
869,195.8,185.37,178.6,186.59,195.2546581005831,177.9253418994169,
870,195.8,185.37,178.6,186.59,195.2546581005831,177.9253418994169,
871,195.8,185.3,178.64,186.58,195.23131203922276,177.92868796077727,
872,195.8,185.3,178.79,186.63,195.21263945415396,178.04736054584603,
873,195.92,185.3,178.79,186.67,195.3167855298949,178.02321447010507,
874,195.92,185.3,178.96,186.72666666666666,195.29620185437275,178.15713147896057,
875,194.3,185.3,179.02,186.20666666666668,193.88690971837627,178.52642361495708,
876,194.3,185.3,179.14,186.24666666666667,193.8708737292623,178.62245960407103,
877,194.3,185.3,179.14,186.24666666666667,193.8708737292623,178.62245960407103,
878,194.3,184.06,179.14,185.83333333333334,193.56734479785376,178.09932186881292,
879,194.3,184.06,178.06,185.47333333333333,193.68506477885282,177.26160188781384,
880,194.3,184.06,178.06,185.47333333333333,193.68506477885282,177.26160188781384,
881,193.3,184.06,178.17,185.17666666666668,192.80322770905883,177.55010562427452,
882,193.3,184.06,178.4,185.25333333333333,192.7746718666885,177.73199479997817,
883,193.3,184.06,180.24,185.86666666666667,192.58149602662314,179.1518373067102,
884,193.3,184.06,180.34,185.9,192.57305027704723,179.22694972295278,
885,193.36,184.06,180.34,185.92000000000002,192.62632537236306,179.21367462763698,
886,193.36,184.06,180.34,185.92000000000002,192.62632537236306,179.21367462763698,
887,193.36,184.25,180.39,186.0,192.65973723205354,179.34026276794646,
888,193.44,184.25,182.2,186.63,192.61604209808115,180.64395790191884,
889,193.45,184.25,182.96,186.88666666666666,192.60715906971495,181.16617426361836,
890,193.45,184.25,182.98,186.89333333333332,192.60696907017666,181.17969759648997,
891,193.45,184.25,183.13,186.94333333333333,192.60602998186866,181.280636684798,
892,193.45,184.58,183.22,187.08333333333334,192.63880211043337,181.5278645562333,
893,193.57,184.62,183.43,187.20666666666668,192.74950288410386,181.6638304492295,
894,193.57,184.62,183.45,187.21333333333334,192.7493638004942,181.67730286617248,
895,193.57,184.9,183.45,187.30666666666667,192.77910975301606,181.83422358031729,
896,193.57,184.9,184.17,187.54666666666665,192.7757806770257,182.3175526563076,
897,193.57,185.25,184.26,187.69333333333333,192.80669165574076,182.5799750109259,
898,193.21,185.29,184.47,187.65666666666667,192.48343922535776,182.82989410797558,
899,193.21,185.49,184.76,187.82,192.50212558567154,183.13787441432845,
900,193.21,185.62,184.76,187.86333333333334,192.51360572678874,183.21306093987795,
901,193.21,185.86,186.52,188.53,192.59641119416125,184.46358880583875,
902,193.21,186.12,186.52,188.61666666666667,192.5996345718014,184.63369876153195,
903,193.46,186.27,188.32,189.35,193.05401133907552,185.64598866092447,
904,193.46,186.28,188.38,189.37333333333333,193.0649635062154,185.68170316045126,
905,193.46,186.47,188.48,189.47,193.06862473731286,185.87137526268714,
906,193.52,186.68,188.48,189.56,193.10558880864662,186.0144111913534,
907,193.52,186.72,188.48,189.57333333333332,193.10271477111152,186.04395189555513,
908,193.54,187.11,188.49,189.71333333333334,193.09839364791168,186.328273018755,
909,193.54,187.31,188.82,189.89,193.13990769099675,186.64009230900322,
910,193.54,187.69,187.75,189.66,193.02031248546916,186.29968751453083,
911,193.8,187.98,187.75,189.84333333333333,193.27183640804878,186.41483025861788,
912,194.0,188.3,187.75,190.01666666666668,193.47727836596687,186.5560549673665,
913,194.0,188.53,187.81,190.11333333333334,193.49848227146492,186.72818439520177,
914,194.12,188.74,187.81,190.22333333333333,193.62983202456064,186.81683464210602,
915,194.12,188.98,187.85,190.31666666666666,193.6585573490998,186.97477598423353,
916,194.12,189.43,187.85,190.46666666666667,193.72768389037668,187.20564944295666,
917,194.12,189.67,187.85,190.54666666666665,193.7722880538312,187.3210452795021,
918,194.12,189.74,187.85,190.57,193.7863488616753,187.3536511383247,
919,193.43,190.09,187.85,190.45666666666668,193.26467901231857,187.6486543210148,
920,193.43,190.39,187.85,190.55666666666667,193.35039774415665,187.7629355891767,
921,193.43,190.71,187.85,190.66333333333333,193.45362603004693,187.87304063661972,
922,193.43,190.71,187.85,190.66333333333333,193.45362603004693,187.87304063661972,
923,193.43,190.81,187.91,190.71666666666667,193.4778499878776,187.95548334545575,
924,193.43,191.05,187.99,190.82333333333335,193.55040746751698,188.09625919914973,
925,193.43,191.19,187.99,190.87,193.6040811985016,188.1359188014984,
926,193.43,191.4,187.99,190.94,193.68901800648885,188.19098199351114,
927,193.43,191.56,187.99,190.99333333333334,193.7572496369383,188.22941702972838,
928,193.43,191.56,187.99,190.99333333333334,193.7572496369383,188.22941702972838,
929,193.43,191.87,189.2,191.5,193.63913533933692,189.36086466066308,
930,193.43,191.91,189.2,191.51333333333332,193.65604967791404,189.3706169887526,
931,193.43,192.16,190.04,191.87666666666667,193.5893351498628,190.16399818347054,
932,193.43,192.65,190.04,192.04,193.81541544433972,190.26458455566026,
933,193.43,192.77,191.08,192.42666666666668,193.63870351979176,191.2146298135416,
934,193.43,192.98,192.85,193.08666666666667,193.3910239128977,192.78230942043564,
935,193.43,193.34,192.85,193.20666666666668,193.5188097962296,192.89452353710377,
936,194.99,193.67,192.85,193.83666666666667,194.91635798057698,192.75697535275637,
937,194.99,193.97,192.85,193.93666666666667,195.00705600393295,192.8662773294004,
938,194.99,194.44,192.85,194.09333333333333,195.20465386915248,192.9820127975142,
939,194.99,194.77,192.85,194.20333333333335,195.38050508517475,193.02616158149195,
940,194.99,194.91,192.85,194.25,195.46309521472966,193.03690478527034,
941,194.77,195.1,192.85,194.24,195.45503086380555,193.02496913619447,
942,194.77,195.32,192.85,194.31333333333333,195.61011139195915,193.0165552747075,
943,194.77,195.62,192.85,194.41333333333333,195.8323588205369,192.99430784612974,
944,194.77,195.8,192.85,194.47333333333333,195.9705418469791,192.97612481968756,
945,194.77,195.91,192.85,194.51,196.05647987377785,192.96352012622214,
946,194.77,195.91,192.85,194.51,196.05647987377785,192.96352012622214,
947,194.77,196.42,192.85,194.68,196.46670087031939,192.89329912968063,
948,194.77,196.42,192.85,194.68,196.46670087031939,192.89329912968063,
949,194.77,196.76,192.85,194.79333333333332,196.74843776362172,192.83822890304492,
950,195.61,197.1,194.66,195.79,197.01991869649987,194.5600813035001,
